T_c,pert_scale,rep,C,bv,tc_times_bv,tau2_learned,n_shrunk,mean_delta_norm,auroc_poolA,auroc_poolB,auroc_hnavar,auroc_cold,hn_minus_poolB,hn_minus_cold,mse_poolA,mse_poolB,mse_hnavar,mse_cold,mse_hn_vs_poolB,mse_hn_vs_cold,bv_raw,bv_nc,noise_floor,crc_nc,win,tc_x_bvnc,snr,tc_x_snr
15,0.05,0,20,0.3160958592175901,4.741437888263851,0.5611594915390015,0,0.0495013631469251,0.7853535353535352,0.752020202020202,0.640909090909091,0.5186868686868686,-0.111111111111111,0.1222222222222223,0.9749336373060942,0.9950480930507184,0.9661533918231726,0.9810756623744964,-0.0288947012275456,-0.0149222705513238,0.3552198385209648,0.037557525638630164,0.37612066338709205,0.06604246533108087,1,0.5633628845794525,0.09985499148175513,1.497824872226327
15,0.05,1,20,0.3260228674404715,4.890343011607073,0.7511866688728333,0,0.0513195225353905,0.8055555555555556,0.7388888888888889,0.6434343434343434,0.5499999999999999,-0.0954545454545455,0.0934343434343434,0.93462141379714,0.9825693652033806,0.9904470451176166,1.0957712322473523,0.007877679914236,-0.1053241871297359,0.3691488331546728,0.10971512267153477,0.359332156283673,0.06137893549060564,0,1.6457268400730216,0.3053306550859331,4.579959826288997
15,0.05,2,20,0.3462614031574205,5.193921047361307,0.6871976256370544,0,0.0501943978694397,0.835,0.8215,0.7055,0.4864999999999999,-0.1159999999999999,0.219,1.0205671548843385,1.0213062465190887,1.08948225826025,1.1377878874540328,0.0681760117411613,-0.0483056291937826,0.3959741420278956,0.11914874688504844,0.3884412967816084,0.06474841191013814,0,1.7872312032757265,0.3067355295954459,4.601032943931688
15,0.05,3,20,0.3382280751139999,5.073421126709999,0.751799464225769,0,0.0398144644327093,0.8357142857142857,0.8554945054945057,0.660989010989011,0.5005494505494505,-0.1945054945054947,0.1604395604395604,0.970690494775772,0.9490036055445672,1.0700988478958606,1.0929875425994395,0.1210952423512935,-0.0228886947035789,0.3867206155226067,0.116354949179894,0.371805435914971,0.06102764822297702,0,1.74532423769841,0.3129457989057037,4.694186983585555
15,0.05,4,20,0.3253646382644322,4.880469573966483,0.6860970854759216,0,0.0449400163299666,0.8146464646464647,0.8095959595959595,0.6848484848484848,0.5383838383838383,-0.1247474747474747,0.1464646464646465,0.7849783975630998,0.8078301787376404,0.8691235620528459,0.9393844619393348,0.0612933833152055,-0.0702608998864889,0.36523561660729054,0.07877623970135794,0.37410411372445423,0.0682309354739055,0,1.1816435955203692,0.21057303785592812,3.1585955678389217
15,0.05,5,20,0.3269433637212032,4.904150455818048,0.7048250436782837,0,0.0418173759639959,0.7631868131868134,0.8153846153846155,0.7335164835164836,0.5571428571428572,-0.0818681318681319,0.1763736263736264,0.800334619730711,0.8630684658885002,1.0223418742418289,1.1766972795128825,0.1592734083533287,-0.1543554052710534,0.3706291731333898,0.11507954830725403,0.35463822598954825,0.0656794135530364,0,1.7261932246088105,0.3244984321307924,4.867476481961885
15,0.05,6,20,0.3527596070414771,5.291394105622157,0.6236695051193237,0,0.0357995774165505,0.9745098039215688,0.8892156862745099,0.6990196078431371,0.5450980392156863,-0.1901960784313727,0.1539215686274507,0.910775088518858,0.9696392804384232,1.0036683604121208,1.0862044870853425,0.0340290799736976,-0.0825361266732216,0.3713320637527844,0.10536396516583185,0.3577749121127315,0.07198192876679596,0,1.5804594774874778,0.2944979136285349,4.417468704428023
15,0.05,7,20,0.3108384878695657,4.6625773180434855,0.5862626433372498,0,0.0429934558671592,0.9011904761904764,0.8857142857142856,0.7363095238095239,0.5464285714285715,-0.1494047619047617,0.1898809523809523,0.7850942268967629,0.848697978258133,0.8935129459947347,0.9454376131296158,0.0448149677366017,-0.051924667134881,0.3340002760936918,0.04547104505160546,0.3616983026856928,0.06654862337618919,0,0.6820656757740818,0.1257153951621352,1.885730927432028
15,0.25,0,20,0.332368336359681,4.985525045395215,0.6171352863311768,0,0.2427373171986739,0.917676767676768,0.8808080808080808,0.6954545454545453,0.5181818181818182,-0.1853535353535355,0.1772727272727271,0.7987637102603913,0.811855335906148,0.9223807252943516,1.0103234082460404,0.1105253893882035,-0.0879426829516888,0.3623314700590011,0.11488813256997041,0.3557279154249548,0.06339200971311115,0,1.723321988549556,0.32296631101532847,4.844494665229927
15,0.25,1,20,0.3546049287099736,5.319073930649604,0.5939849615097046,0,0.2129547969300784,0.9989583333333332,0.9713541666666666,0.7807291666666666,0.5083333333333332,-0.190625,0.2723958333333334,0.9069871991872788,0.9253136917948724,1.075722612440586,1.1160206332802771,0.1504089206457137,-0.0402980208396912,0.3919527199434536,0.11757249935702958,0.3784823784002985,0.06303151848280658,0,1.7635874903554438,0.3106419375558882,4.659629063338323
15,0.25,2,20,0.3372691591406862,5.059037387110293,0.7588461637496948,0,0.1985356719934338,0.85,0.7880952380952382,0.6553571428571427,0.5392857142857144,-0.1327380952380954,0.1160714285714283,1.0026510417461396,1.0617803424596786,1.1602275647222997,1.2807702377438546,0.0984472222626209,-0.120542673021555,0.3635118032185801,0.08495593071235312,0.3667458709258319,0.06525376819231492,0,1.2743389606852968,0.23164795420296364,3.4747193130444547
15,0.25,3,20,0.3139687845866338,4.709531768799508,0.851042628288269,0,0.2208998282140624,0.8713541666666667,0.8369791666666668,0.6989583333333333,0.5057291666666667,-0.1380208333333334,0.1932291666666666,0.8151425950229167,0.8235284425318241,0.9680187344551088,1.0820324882864951,0.1444902919232845,-0.1140137538313864,0.3643119555990884,0.06621316638809162,0.3822795242074209,0.06086500792415544,0,0.9931974958213743,0.17320615464658012,2.598092319698702
15,0.25,4,20,0.3307965294181644,4.961947941272466,0.7087734937667847,0,0.2233331816563585,0.8175824175824177,0.7615384615384616,0.6868131868131868,0.5516483516483516,-0.0747252747252747,0.1351648351648352,0.879261333681643,0.9166350421495736,1.0789025287143883,1.191057994775474,0.1622674865648149,-0.1121554660610855,0.3662124759088117,0.11591195016421063,0.34320929512830345,0.05965626884642844,0,1.7386792524631596,0.3377296355591965,5.065944533387947
15,0.25,5,20,0.3115169592041279,4.672754388061919,0.9019179344177246,0,0.2227181223590114,0.931818181818182,0.9434343434343432,0.7388888888888888,0.5136363636363636,-0.2045454545454544,0.2252525252525252,0.9033909037709236,0.934199508279562,0.9920939438045024,1.0607147634029388,0.0578944355249404,-0.0686208195984363,0.3455773098443224,0.06371294931006571,0.3892471340518518,0.06527335536464349,0,0.9556942396509858,0.16368251359193947,2.4552377038790922
15,0.25,6,20,0.3145045393927839,4.717568090891758,0.7326716184616089,0,0.2075008685007114,0.8285714285714286,0.8565934065934068,0.6906593406593406,0.5159340659340659,-0.1659340659340661,0.1747252747252747,0.7940913699567318,0.8474249802529812,0.9439866796135904,0.9638478394597768,0.0965616993606091,-0.0198611598461866,0.35679074098035884,0.09710075167843503,0.3604265110071176,0.06851756288815092,0,1.4565112751765255,0.26940513173437874,4.041076976015681
15,0.25,7,20,0.3313064509781403,4.969596764672104,0.9167003631591796,0,0.2367558507483801,0.997979797979798,0.9525252525252522,0.748989898989899,0.5525252525252526,-0.2035353535353532,0.1964646464646463,0.9202145542949438,1.000405252352357,1.1354314852505922,1.246745650097728,0.1350262328982352,-0.1113141648471356,0.3706156238181648,0.11308717285158455,0.35591853411942986,0.06132828065770719,0,1.6963075927737683,0.3177333069528706,4.765999604293059
15,1.0,0,20,0.3237288344512145,4.855932516768218,1.1251047849655151,0,0.7721116158785745,0.7833333333333334,0.8426666666666666,0.748,0.5833333333333333,-0.0946666666666665,0.1646666666666667,0.944928339123726,0.9717033118009568,1.030955960601568,1.0521637082099915,0.0592526488006114,-0.0212077476084233,0.3514534041652273,0.10104435674545197,0.3408163803519089,0.06586255009830114,0,1.5156653511817795,0.2964774071044324,4.447161106566486
15,1.0,1,20,0.3366516044545917,5.049774066818876,1.0389236211776731,0,0.8804139984462424,0.8776041666666666,0.8953125000000002,0.7916666666666666,0.5765625,-0.1036458333333335,0.2151041666666666,0.7616287240758538,0.8943306848406791,0.8172672174870967,0.9293437294662,-0.0770634673535823,-0.1120765119791031,0.3496227142134371,0.10423186792839693,0.3442631522922047,0.06280634105975925,1,1.563478018925954,0.30276800533077874,4.541520079961681
15,1.0,2,20,0.3413995768724226,5.12099365308634,1.063357949256897,0,0.9790733319234606,0.8474999999999999,0.902,0.7914999999999999,0.5720000000000001,-0.1105,0.2194999999999998,0.7399043381214142,0.7819720081984997,0.7220592282712459,0.8453209772706032,-0.0599127799272537,-0.1232617489993572,0.372315029602477,0.16428004511305452,0.3310041591051774,0.06984218841672746,1,2.464200676695818,0.4963080994425032,7.444621491637548
15,1.0,3,20,0.3750015088960941,5.625022633441412,1.0388044118881226,0,0.9185641724649878,0.8373737373737373,0.788888888888889,0.7191919191919192,0.5601010101010101,-0.0696969696969698,0.159090909090909,0.8441739762201905,0.9120244761928916,1.0183446113020185,1.1811862118542191,0.1063201351091266,-0.1628416005522011,0.4147844326109351,0.1986089816076293,0.34813163731260177,0.06176506916203182,0,2.9791347241144397,0.5704996625437121,8.557494938155681
15,1.0,4,20,0.3716117059332884,5.574175588999327,0.9301467537879944,0,0.884340291468335,0.9296875,0.8546875,0.7265625,0.5494791666666666,-0.128125,0.1770833333333333,0.8459640808403492,0.8896290004253388,0.7906246911734343,0.8063586676493287,-0.0990043092519045,-0.0157339764758944,0.4316986243244464,0.1957330811039743,0.3802079561568367,0.0595484557917489,1,2.9359962165596145,0.5148053267544825,7.7220799013172385
15,1.0,5,20,0.3562083450281197,5.343125175421796,0.7756450772285461,0,0.6912597621148394,0.9796875,0.978125,0.81484375,0.4734375,-0.16328125,0.3414062499999999,0.7766869880259037,0.8218283131718636,0.8907762579619884,0.9514145210385324,0.0689479447901249,-0.0606382630765438,0.41214965013610294,0.18241689477042025,0.3622025616412681,0.05943505150235877,0,2.7362534215563037,0.5036322602022049,7.554483903033073
15,1.0,6,20,0.3551343478935706,5.32701521840356,0.993241250514984,0,0.8465712461873791,0.8151041666666667,0.8213541666666668,0.753125,0.5807291666666666,-0.0682291666666667,0.1723958333333334,1.0881994798779488,1.1858134776353837,0.9613116651773452,1.03936905041337,-0.2245018124580384,-0.0780573852360249,0.38016733382986045,0.16299513142610933,0.340791219464893,0.05911988586182704,1,2.4449269713916397,0.478284422004894,7.174266330073411
15,1.0,7,20,0.356217629143767,5.343264437156504,1.0263829231262207,3,0.8354194773871267,0.8619791666666667,0.8052083333333334,0.7255208333333333,0.534375,-0.0796875000000001,0.1911458333333332,1.222072099149227,1.3079861246049405,1.132994793727994,1.2418268740177154,-0.1749913308769464,-0.1088320802897213,0.3924416042983572,0.17276834593678825,0.3449275823236565,0.06675944450884927,1,2.591525189051824,0.500882952801015,7.513244292015226
25,0.05,0,20,0.2077617863805567,5.19404465951392,0.8369032144546509,0,0.0475734833720334,0.86010101010101,0.8722222222222221,0.7353535353535354,0.5186868686868686,-0.1368686868686867,0.2166666666666667,0.7758974567055702,0.8015542060136795,0.8847692400217056,1.0196651920676232,0.0832150340080261,-0.1348959520459175,0.2209504414416221,0.028758708133257507,0.2317042275102503,0.047057837410570354,0,0.7189677033314377,0.12411818481812231,3.102954620453058
25,0.05,1,20,0.2174851256508972,5.437128141272432,0.7802355289459229,0,0.0510759332971626,0.8272727272727272,0.8510101010101009,0.6762626262626263,0.547979797979798,-0.1747474747474745,0.1282828282828283,0.93243754953146,0.9457573637366294,0.9661986082792282,1.014189912378788,0.0204412445425987,-0.0479913040995598,0.22930034608291572,0.04439753907808756,0.23381791915760983,0.053525120315167124,0,1.109938476952189,0.1898808236684395,4.747020591710988
25,0.05,2,20,0.2301966051433411,5.754915128583527,0.841246485710144,0,0.0472886984893236,0.858080808080808,0.9499999999999998,0.7611111111111111,0.4974747474747475,-0.1888888888888887,0.2636363636363635,0.8902987383306027,0.9226300865411758,0.8957245506346225,0.9995837226510048,-0.0269055359065533,-0.1038591720163822,0.24993879711118427,0.08785533129902375,0.23237400706269198,0.051643808932246585,1,2.1963832824755936,0.3780772746898552,9.45193186724638
25,0.05,3,20,0.2304772083504859,5.761930208762149,0.8036827445030212,0,0.0394888700111715,0.981547619047619,0.9904761904761904,0.7934523809523809,0.5142857142857145,-0.1970238095238096,0.2791666666666664,0.8347275257110596,0.8602874532341958,0.8442873492836952,0.876980510354042,-0.0160001039505005,-0.0326931610703468,0.24666952156201,0.0819293894070017,0.2307391169253865,0.05057340084891388,1,2.0482347351750425,0.35507368884268975,8.876842221067244
25,0.05,4,20,0.2234091387838594,5.585228469596485,0.8158732652664185,0,0.0446838408181561,0.8240000000000002,0.8554999999999999,0.739,0.5615,-0.1164999999999999,0.1775,0.896997706592083,0.9202849432826042,1.0093763291835784,1.1144489005208016,0.0890913859009742,-0.1050725713372231,0.23404089647084678,0.06564429663950716,0.23057688588191447,0.049417666127748436,0,1.641107415987679,0.28469591125072974,7.117397781268243
25,0.05,5,20,0.220033201916773,5.500830047919327,0.7778103351593018,0,0.0503546212193281,0.8752525252525253,0.865151515151515,0.7575757575757576,0.5611111111111111,-0.1075757575757574,0.1964646464646464,1.016938117146492,1.048943193256855,1.0805428564548492,1.1743247404694557,0.0315996631979942,-0.0937818840146065,0.23356856134104237,0.048952958000675034,0.23630711475944477,0.05059912199952781,0,1.223823950016876,0.2071582061780409,5.178955154451023
25,0.05,6,20,0.2226665261971776,5.566663154929442,0.6585073471069336,0,0.0456595399599612,0.9956043956043956,0.9571428571428572,0.7802197802197803,0.5912087912087912,-0.1769230769230767,0.1890109890109891,1.121673871576786,1.1500243946909905,1.133684143424034,1.2204606413841248,-0.0163402512669563,-0.0867764979600906,0.24187607222584862,0.056083184245797835,0.23970293836623238,0.0464871051584105,1,1.4020796061449459,0.23396953173811585,5.849238293452896
25,0.05,7,20,0.2209968801082531,5.524922002706329,0.8461474180221558,0,0.0393925460613521,0.9313333333333336,0.9273333333333332,0.7133333333333334,0.5646666666666668,-0.2139999999999999,0.1486666666666666,0.9667417615652084,0.9914517730474472,1.0608823955059052,1.1454588040709497,0.0694306224584579,-0.0845764085650442,0.2447608157500424,0.06102518098896255,0.24220183054679442,0.04347055297649742,0,1.5256295247240637,0.2519600320575291,6.299000801438227
25,0.25,0,20,0.2233256332683038,5.583140831707596,0.8695967793464661,0,0.2509796305873175,0.8945000000000001,0.9255000000000002,0.7585000000000001,0.5189999999999999,-0.1670000000000001,0.2395000000000001,1.0354110211133958,1.049684078991413,1.1305522561073302,1.2566649347543717,0.0808681771159172,-0.1261126786470414,0.23820443192269522,0.0594227813550079,0.23530170288851548,0.04913397601554573,0,1.4855695338751975,0.25253867959962045,6.313466989990511
25,0.25,1,20,0.2146638201720925,5.366595504302314,0.8614538908004761,0,0.2355082078076091,0.926,0.89,0.7610000000000001,0.5165000000000001,-0.1289999999999999,0.2445,0.9785423159599304,0.9897812992334366,1.0546601116657257,1.1222877398133275,0.0648788124322891,-0.067627628147602,0.23258047511264202,0.06844575818671961,0.2281037587500084,0.04792332889294392,0,1.7111439546679903,0.3000641399413901,7.501603498534752
25,0.25,2,20,0.2159078880133099,5.3976972003327495,0.7168775796890259,0,0.2258768746232578,1.0,1.0,0.923,0.5855,-0.0769999999999999,0.3375,0.8830942675471306,0.9392053008079528,0.9324103266000748,1.1438136845827105,-0.0067949742078781,-0.2114033579826355,0.2293961328639641,0.05403852504816605,0.22976492239753152,0.04845404552780077,1,1.3509631262041513,0.23519049158718153,5.8797622896795385
25,0.25,3,20,0.217078430122293,5.426960753057326,0.828161358833313,0,0.2193374177148147,0.9395604395604396,0.9010989010989012,0.726923076923077,0.5417582417582417,-0.1741758241758241,0.1851648351648352,0.9681053459644318,0.962982776761055,0.9509911477565766,0.9731460407376288,-0.0119916290044784,-0.0221548929810523,0.23924369199618212,0.05834363654888106,0.2322443510184912,0.04624565581725238,1,1.4585909137220265,0.25121660136412,6.280415034103
25,0.25,4,20,0.223512710340164,5.587817758504102,0.7750037908554077,0,0.170446393858043,0.99921875,1.0,0.92734375,0.49921875,-0.0726562499999999,0.428125,0.9074777409434318,0.9362776547670364,0.9387425139546396,1.0329905286431311,0.002464859187603,-0.0942480146884918,0.2354406294173767,0.05144144045097022,0.2341950990297586,0.04902506866429049,0,1.2860360112742555,0.2196520792454059,5.491301981135147
25,0.25,5,20,0.2201601175014901,5.504002937537252,0.8172146677970886,0,0.1945227156480409,0.9916666666666668,0.9690476190476192,0.8273809523809523,0.5851190476190476,-0.1416666666666668,0.2422619047619046,1.0419225811958313,1.0529763296246528,1.126010300219059,1.1594957903027534,0.073033970594406,-0.0334854900836945,0.2363486481835389,0.05872000993460615,0.23529655290409987,0.049752930400149976,0,1.4680002483651537,0.24955745934169613,6.238936483542403
25,0.25,6,20,0.2203877796138819,5.50969449034705,0.7929581999778748,0,0.2495724640091033,0.9797979797979796,0.9671717171717172,0.7929292929292929,0.5611111111111111,-0.1742424242424242,0.2318181818181818,0.7497388914227485,0.7631615564227104,0.826990869641304,0.9139977663755416,0.0638293132185935,-0.0870068967342376,0.2319030252405178,0.058376953427751704,0.23260298480117675,0.05157112890839127,0,1.4594238356937925,0.2509725035456913,6.274312588642282
25,0.25,7,20,0.211870703164634,5.29676757911585,0.8633001446723938,0,0.2372625414155761,0.997,1.0,0.897,0.618,-0.1029999999999999,0.279,0.9204839423298836,0.9391154184937476,0.980418549478054,1.0896558448672296,0.0413031309843063,-0.1092372953891754,0.22580835681698475,0.05184274265236145,0.22716565551927922,0.04882980446454426,0,1.296068566309036,0.22821558361827995,5.705389590456999
25,1.0,0,20,0.2629162907754104,6.57290726938526,0.9282047152519226,0,0.8555691546325743,0.6829670329670329,0.6362637362637361,0.6939560439560439,0.5697802197802198,0.0576923076923078,0.1241758241758241,0.663749860227108,0.8366168051958084,0.6482960276305676,0.6996336862444877,-0.1883207775652408,-0.0513376586139201,0.2859746235964317,0.13964845337418852,0.22663475715896397,0.0532666266191311,1,3.491211334354713,0.6161828623499159,15.404571558747898
25,1.0,1,20,0.2684304316016223,6.710760790040557,0.9873054027557372,0,0.8706909684958983,0.8452380952380952,0.9434523809523808,0.8547619047619047,0.568452380952381,-0.0886904761904761,0.2863095238095237,0.9487967103719712,0.9801228635013104,0.939188362658024,1.0799146503210069,-0.0409345008432865,-0.140726287662983,0.27607987261727823,0.14280890501826118,0.21931035092265183,0.04788634091406457,1,3.5702226254565295,0.6511726620173446,16.279316550433613
25,1.0,2,20,0.2615495580839829,6.538738952099572,0.9574081897735596,0,0.7739154181977296,0.8773333333333332,0.9926666666666668,0.8859999999999999,0.598,-0.106666666666667,0.2879999999999999,0.7599016286432743,0.7846178486943245,0.7654609248042107,0.8783560246229172,-0.0191569238901138,-0.1128950998187064,0.27609751378684283,0.15676468633314136,0.2217209700526642,0.04802556144518947,1,3.9191171583285342,0.7070359032612291,17.675897581530727
25,1.0,3,20,0.263446194949033,6.586154873725825,0.921625316143036,0,0.8643753705601365,0.6328125,0.6666666666666666,0.715625,0.6156250000000001,0.0489583333333333,0.0999999999999998,0.9586556270718576,1.0258729189634324,0.9395434811711312,1.0130587562918665,-0.0863294377923011,-0.073515275120735,0.2765061542138194,0.14164804952522267,0.22728976361547268,0.05116580088649767,1,3.541201238130567,0.6232047025437621,15.580117563594055
25,1.0,4,20,0.2553987378144239,6.384968445360598,0.948423445224762,0,0.8724694705046643,0.7427083333333334,0.8744791666666666,0.7895833333333333,0.5953125000000001,-0.0848958333333332,0.1942708333333331,0.7933358453214169,0.8265444070100785,0.7799930050969124,0.9029170125722884,-0.046551401913166,-0.1229240074753761,0.2674490261982558,0.14813723251553373,0.21214523205841604,0.044326799200463854,1,3.7034308128883433,0.6982821677309384,17.45705419327346
25,1.0,5,20,0.2740814409579045,6.852036023947614,0.9310077428817748,0,0.9470873585296063,0.7515151515151516,0.6843434343434344,0.7919191919191918,0.63989898989899,0.1075757575757574,0.1520202020202018,0.7162414826452732,0.8294423997402192,0.6766395509243012,0.8181528866291046,-0.152802848815918,-0.1415133357048034,0.28380397680029446,0.1726827518456316,0.21032013032556662,0.04832745991886447,1,4.31706879614079,0.8210471892458702,20.526179731146755
25,1.0,6,20,0.2725036787366792,6.812591968416982,0.9579402208328248,1,0.9244952132182944,0.8614999999999998,0.8959999999999999,0.798,0.58,-0.0979999999999998,0.218,0.8122015684843064,0.8487241834402084,0.7461227625608444,0.8097047507762909,-0.1026014208793639,-0.0635819882154464,0.2805367847035721,0.1632255350479522,0.21326083673144564,0.052901047424904576,1,4.080638376198805,0.7653797928847962,19.134494822119905
25,1.0,7,20,0.2705816061230123,6.764540153075309,0.9743221998214722,0,0.8979677617983208,0.8747474747474747,0.9545454545454544,0.7792929292929293,0.5681818181818181,-0.1752525252525251,0.2111111111111111,0.8363754630088807,0.8568534702062607,0.8114340886473655,0.9006900668144227,-0.0454193815588951,-0.0892559781670571,0.282299354571117,0.16343585777937272,0.21395257989539196,0.045420743697468735,1,4.085896444484318,0.7638882310242838,19.097205775607094
40,0.05,0,20,0.1698873413198475,6.7954936527939,0.7601048946380615,0,0.0410279978177222,0.9423076923076924,0.9346153846153846,0.8478021978021978,0.5950549450549449,-0.0868131868131868,0.2527472527472528,0.9337655425071716,0.9499829828739166,0.951244492828846,1.010302709043026,0.0012615099549293,-0.0590582162141799,0.1792560871072275,0.06447539468885596,0.1675819207835823,0.03879697749608126,0,2.5790157875542388,0.38473956132845866,15.389582453138345
40,0.05,1,20,0.1488968502583852,5.955874010335411,0.7431134581565857,0,0.0415522343520186,0.9447916666666668,0.8927083333333334,0.8052083333333334,0.4953124999999999,-0.0875,0.3098958333333335,0.855111013352871,0.836581964790821,0.9058527544140816,0.9329487085342408,0.0692707896232605,-0.0270959541201591,0.1600952368863736,0.02518562012771643,0.17173717790441778,0.03911051351257516,0,1.0074248051086572,0.14665211362523825,5.86608454500953
40,0.05,2,20,0.1628345550029983,6.513382200119935,0.7452922463417053,0,0.037440774243974,0.926923076923077,0.9241758241758242,0.8395604395604396,0.5313186813186813,-0.0846153846153846,0.3082417582417582,1.0307056248188018,1.0529527097940443,1.0876105427742004,1.1202153891324995,0.0346578329801559,-0.0326048463582993,0.1700768983209595,0.04182530716621078,0.17270079061990437,0.03766150305581639,0,1.6730122866484312,0.24218364615518018,9.687345846207208
40,0.05,3,20,0.1540610025022716,6.162440100090864,0.7078535556793213,0,0.045936865284831,0.894270833333333,0.9130208333333334,0.7869791666666666,0.5229166666666667,-0.1260416666666668,0.2640624999999998,1.0016708970069883,1.001652643084526,1.033154073357582,1.0670958057045936,0.031501430273056,-0.0339417323470114,0.16303382760203278,0.03139588313856104,0.17166248651137336,0.03738180680132047,0,1.2558353255424415,0.18289309316558763,7.315723726623506
40,0.05,4,20,0.1620325379676192,6.48130151870477,0.7775125503540039,0,0.0502975961897504,0.9838383838383836,0.9343434343434344,0.8126262626262626,0.5535353535353535,-0.1217171717171718,0.259090909090909,0.9947969257831574,1.0027444034814834,1.0209616243839263,1.0763508975505829,0.0182172209024429,-0.0553892731666565,0.16701340461571276,0.02917447051390484,0.17135822296313047,0.042172593042790495,0,1.1669788205561935,0.17025427790636014,6.810171116254406
40,0.05,5,20,0.1633193635640912,6.532774542563651,0.7852129936218262,0,0.0375765654671814,1.0,1.0,0.9595238095238094,0.6160714285714285,-0.0404761904761905,0.3434523809523809,0.9028962582349778,0.9174927532672882,0.933544734120369,1.02167167365551,0.0160519808530807,-0.088126939535141,0.1729262260045623,0.05340365568819173,0.16882297880141411,0.04256579248257195,0,2.1361462275276693,0.31632930580504837,12.653172232201936
40,0.05,6,20,0.1650643861539147,6.60257544615659,0.6871353983879089,0,0.0408531550201225,0.9686666666666668,0.9773333333333334,0.8626666666666667,0.5593333333333333,-0.1146666666666667,0.3033333333333333,0.955843260884285,0.9763115331530572,1.0040978133678435,1.07500007301569,0.0277862802147864,-0.0709022596478463,0.17387179555644397,0.04346719260251782,0.17224031627791458,0.03878485662366445,0,1.738687704100713,0.25236363670153905,10.094545468061561
40,0.05,7,20,0.1594884734989498,6.3795389399579925,0.7468218207359314,0,0.0469285864385188,0.9794999999999998,0.9419999999999998,0.8779999999999999,0.587,-0.0639999999999999,0.2909999999999999,1.003236322104931,1.0421039372682572,1.0711142033338548,1.1605134189128876,0.0290102660655975,-0.0893992155790328,0.16766149031810865,0.04207343286215103,0.16740656042366187,0.04146825129189424,0,1.6829373144860413,0.2513248749372442,10.052994997489769
40,0.25,0,20,0.1679918767378326,6.719675069513307,0.7628422379493713,0,0.2457215416254395,0.997,0.9944999999999998,0.9085,0.578,-0.0859999999999997,0.3305000000000001,0.9299592047929764,0.9419523268938064,0.9556823313236236,1.043243896961212,0.0137300044298172,-0.0875615656375884,0.17775544150255917,0.06293747071540234,0.16470987915936733,0.03700801072445012,0,2.5174988286160938,0.38211108548325945,15.284443419330378
40,0.25,1,20,0.1600119004027923,6.400476016111695,0.7088419198989868,0,0.2255604075321257,0.846875,0.8192708333333332,0.7973958333333334,0.5921874999999999,-0.0218749999999997,0.2052083333333335,0.846006278693676,0.870360580086708,0.891912180185318,0.9381519809365272,0.02155160009861,-0.0462398007512092,0.16599344116457082,0.03311693309847152,0.17159347501219116,0.03704282680838475,0,1.3246773239388607,0.19299645919589115,7.719858367835646
40,0.25,2,20,0.1733531811027344,6.934127244109376,0.7238330841064453,0,0.2083250385348318,1.0,1.0,0.943956043956044,0.6065934065934065,-0.056043956043956,0.3373626373626374,0.8187574654817581,0.8328585475683212,0.8368354931473732,0.9133040338754654,0.0039769455790519,-0.0764685407280922,0.18134215270025755,0.0687867496351226,0.16725192685820528,0.03678867462137254,0,2.751469985404904,0.41127627601826916,16.451051040730768
40,0.25,3,20,0.1674135039603551,6.696540158414207,0.7629951238632202,0,0.1958781255293736,0.9796703296703296,0.989010989010989,0.882967032967033,0.5445054945054945,-0.106043956043956,0.3384615384615386,0.7661195188760758,0.7861123010516167,0.8505320742726326,0.9769563972949982,0.0644197732210158,-0.1264243230223656,0.17556880860501173,0.049811426261883174,0.16838459690726246,0.041911638329708366,0,1.992457050475327,0.29581937526813534,11.832775010725413
40,0.25,4,20,0.1615869879020131,6.463479516080527,0.7758498191833496,0,0.244128309742668,0.953125,0.9708333333333334,0.8645833333333334,0.5682291666666666,-0.10625,0.2963541666666668,0.9896029382944108,0.9943200290203096,1.020343180000782,1.0664070650935171,0.0260231509804725,-0.0460638850927352,0.17127605575632995,0.04744755191872207,0.16798083483489898,0.03888925387954437,0,1.8979020767488828,0.2824581266390073,11.298325065560293
40,0.25,5,20,0.1539937984479784,6.159751937919136,0.7253397107124329,0,0.2112147289036508,1.0,1.0,0.9244791666666666,0.6338541666666667,-0.0755208333333333,0.2906249999999999,0.7787626147270202,0.7760928332805633,0.8119697287678719,0.8641284659504891,0.0358768954873085,-0.0521587371826172,0.16709346536214972,0.04018252993910347,0.16874862762233808,0.03995493325184665,0,1.607301197564139,0.238120632477276,9.52482529909104
40,0.25,6,20,0.1642794523633609,6.571178094534438,0.7530196905136108,0,0.2177195458526709,0.8141414141414142,0.9030303030303032,0.8227272727272726,0.5762626262626263,-0.0803030303030304,0.2464646464646464,0.8356811061501503,0.8660927385091781,0.909082555770874,0.9814371213316916,0.0429898172616959,-0.0723545655608176,0.17357161428719334,0.0462006317279763,0.17002921046837538,0.036672036130631344,0,1.8480252691190522,0.2717217329934576,10.868869319738304
40,0.25,7,20,0.1673479803588146,6.6939192143525865,0.7596386671066284,0,0.2227567930771099,1.0,0.9984375,0.9276041666666666,0.5869791666666667,-0.0708333333333334,0.3406249999999998,0.8548261374235153,0.8645263910293579,0.8777015209197998,0.9502372205257416,0.0131751298904418,-0.0725356996059417,0.1751859185783146,0.05675047483093202,0.1654005422364471,0.03794712579666446,0,2.2700189932372807,0.3431093638726094,13.724374554904376
40,1.0,0,20,0.2315656633029227,9.262626532116908,0.9297725558280944,0,0.894753527841617,0.9109374999999998,0.9526041666666666,0.871875,0.6791666666666667,-0.0807291666666666,0.1927083333333332,0.6751933999359607,0.772579662501812,0.6651857890188694,0.8552303358912468,-0.1073938734829426,-0.1900445468723773,0.2416150377111549,0.16361146316791098,0.1539226239794387,0.039722126947819535,1,6.544458526716439,1.0629461669635163,42.51784667854065
40,1.0,1,20,0.2529779362835208,10.119117451340834,0.9244046807289124,0,0.986529099671012,0.8444444444444443,0.9025252525252528,0.8368686868686869,0.6939393939393941,-0.0656565656565658,0.1429292929292928,0.8591771468520164,0.985479399561882,0.7102423921227455,0.7773189648985863,-0.2752370074391365,-0.0670765727758407,0.26171307415834477,0.190146979764289,0.15629617983759234,0.04091842881485396,1,7.605879190571559,1.216581108776114,48.66324435104456
40,1.0,2,20,0.2066306546301939,8.265226185207757,0.8681250810623169,0,0.7180514029261756,0.7647058823529413,0.6931372549019607,0.7676470588235295,0.5637254901960785,0.0745098039215688,0.2039215686274509,0.8661133661866188,0.8985236704349517,0.8241093337535859,0.939729791879654,-0.0744143366813658,-0.115620458126068,0.2084141952397838,0.10680986163373352,0.16067420997710374,0.04275959145223937,1,4.272394465349341,0.6647604593727521,26.590418374910083
40,1.0,3,20,0.2192620471359667,8.770481885438668,0.9009574055671692,0,0.8350929869677748,0.85,0.8375,0.8392857142857144,0.6702380952380951,0.0017857142857143,0.1690476190476193,0.623295471817255,0.6479080855846405,0.6322927236557007,0.7485564619302749,-0.0156153619289398,-0.1162637382745742,0.22649042121589538,0.15100098441656515,0.15808659045426282,0.03708259166754855,1,6.040039376662606,0.9551789559295502,38.20715823718201
40,1.0,4,20,0.2268888962717123,9.075555850868495,0.8872776627540588,0,0.8791355139935547,0.8131868131868133,0.7846153846153847,0.8027472527472529,0.6428571428571427,0.0181318681318681,0.1598901098901102,1.0111462786793708,1.0158091813325882,0.8411562703549862,0.905232486128807,-0.174652910977602,-0.0640762157738208,0.24097683990830607,0.1583336129892047,0.160190564539234,0.03874564128681656,1,6.333344519568188,0.988407859380666,39.53631437522664
40,1.0,5,20,0.2244723928070428,8.978895712281714,0.8992593884468079,0,0.8203036709954452,0.9911458333333334,0.8875,0.8302083333333334,0.6661458333333333,-0.0572916666666665,0.1640625000000001,0.741689196228981,0.7873639270663262,0.7063586443662644,0.796062184870243,-0.0810052827000618,-0.0897035405039786,0.23367216314251962,0.15090070748767073,0.15727243496417365,0.035257817806088144,1,6.036028299506829,0.9594860505723436,38.37944202289374
40,1.0,6,20,0.2164194700893807,8.656778803575232,0.869698703289032,1,0.8238701310703025,0.7946428571428573,0.8494047619047619,0.7726190476190476,0.6452380952380952,-0.0767857142857142,0.1273809523809524,0.8522408351302146,0.8956491887569428,0.8144503355026245,0.9363679468631744,-0.0811988532543183,-0.12191761136055,0.22396059280760244,0.1375418641253278,0.1582053377973133,0.03923720357062959,1,5.501674565013111,0.869388264898756,34.77553059595024
40,1.0,7,20,0.2322838022599317,9.291352090397272,0.921597957611084,0,0.9464870767203072,0.865625,0.9276041666666666,0.815625,0.675,-0.1119791666666665,0.140625,1.0257265657186507,1.094346995651722,0.920268689095974,1.024916633963585,-0.174078306555748,-0.1046479448676109,0.2399540645786655,0.15700955451242712,0.1587781880536916,0.0383358026979114,1,6.280382180497085,0.9888609791877307,39.55443916750923
80,0.05,0,20,0.1010459238948637,8.083673911589104,0.6377191543579102,0,0.0392540168402901,1.0,0.9720238095238096,0.9125,0.5863095238095238,-0.0595238095238095,0.3261904761904761,0.8278128251433372,0.8371231272816658,0.861979503929615,0.9233869105577468,0.0248563766479491,-0.0614074066281319,0.10448577717788655,0.014567027405645434,0.1129373021460093,0.024547800975278415,0,1.1653621924516346,0.12898331312016528,10.318665049613223
80,0.05,1,20,0.1091879619229671,8.735036953837374,0.6701019406318665,0,0.0450297666448608,1.0,1.0,0.9578124999999998,0.6604166666666667,-0.0421875000000001,0.2973958333333332,0.9386673599481584,0.9527605533599852,0.9771461069583892,1.0537692934274674,0.0243855535984039,-0.076623186469078,0.11489135435560043,0.025916714111793148,0.112210134849445,0.02697950850271599,0,2.073337128943452,0.2309658940038368,18.477271520306942
80,0.05,2,20,0.1037054431440066,8.296435451520534,0.6564247608184814,0,0.0462569978240116,1.0,1.0,0.9557291666666669,0.659375,-0.0442708333333332,0.2963541666666667,0.8981038957834244,0.8969473004341125,0.915576872229576,0.9512367725372316,0.0186295717954635,-0.0356599003076554,0.10907152316990663,0.02194421718629143,0.11442096310966626,0.025159664311751248,0,1.7555373749033143,0.1917849368673736,15.342794949389889
80,0.05,3,20,0.1052085194139736,8.41668155311789,0.6571530103683472,0,0.0410689956095451,1.0,1.0,0.9593406593406596,0.6071428571428571,-0.0406593406593405,0.3521978021978024,0.8351571530103683,0.831704393029213,0.842745378613472,0.8830610632896423,0.011040985584259,-0.0403156846761703,0.10929347508531415,0.022020169184086346,0.11293279560270218,0.028758162533980072,0,1.7616135347269077,0.1949847169422189,15.59877735537751
80,0.05,4,20,0.1146717704944746,9.173741639557967,0.6509483456611633,0,0.0408897053046829,1.0,1.0,0.9600000000000002,0.5479999999999999,-0.0399999999999998,0.4120000000000002,0.925981679558754,0.9321549862623216,0.9379349052906036,0.992594203352928,0.0057799190282821,-0.0546592980623245,0.1188518505572064,0.039129320587516274,0.11338918083619622,0.026160027990017407,0,3.130345647001302,0.34508866100764146,27.60709288061132
80,0.05,5,20,0.1099612780335379,8.796902242683037,0.6477683186531067,0,0.0387767780112822,1.0,1.0,0.96,0.6060000000000001,-0.04,0.3539999999999998,0.9054137110710144,0.9069939166307448,0.9277341902256012,0.9640494644641876,0.0207402735948563,-0.0363152742385863,0.11338449464946568,0.027568708844225402,0.11411420066363952,0.02821100448785981,0,2.2054967075380323,0.24158876532366305,19.327101225893045
80,0.05,6,20,0.1077227264714681,8.617818117717452,0.6599189639091492,0,0.0495798678945557,0.9732323232323232,0.974242424242424,0.9262626262626265,0.607070707070707,-0.0479797979797976,0.3191919191919193,0.885794386267662,0.8862395793199539,0.916421502828598,0.9791810005903244,0.0301819235086441,-0.0627594977617264,0.11220268637910663,0.02804202655365286,0.11160552536426645,0.027308298910477813,0,2.243362124292229,0.25126019936850974,20.10081594948078
80,0.05,7,20,0.1084049071906815,8.672392575254527,0.674091637134552,0,0.0518064714055947,1.0,1.0,0.96875,0.6557291666666666,-0.03125,0.3130208333333334,0.828415048122406,0.8385689586400986,0.8303196430206299,0.8915710151195526,-0.0082493156194687,-0.0612513720989227,0.112859221199484,0.029681593928741642,0.11087256685139266,0.02539410133439666,1,2.374527514299331,0.26770908955797135,21.416727164637706
80,0.25,0,20,0.1213000972897198,9.704007783177587,0.6876316666603088,0,0.2484746470671916,0.8999999999999998,0.91,0.873,0.6355000000000002,-0.0369999999999999,0.2374999999999998,0.8374468460679054,0.8443005949258804,0.8665658444166183,0.9185378849506378,0.0222652494907379,-0.0519720405340194,0.12588619682504,0.04965958474754962,0.11309272950102547,0.026589166780915767,0,3.9727667798039694,0.4391050155624666,35.12840124499733
80,0.25,1,20,0.1183365821811223,9.466926574489792,0.6883540153503418,0,0.2266868923810343,1.0,1.0,0.9656565656565655,0.6343434343434343,-0.0343434343434344,0.3313131313131312,0.8037523299455642,0.818055835366249,0.8141124367713928,0.8858705759048462,-0.0039433985948562,-0.0717581391334534,0.12243037035515587,0.051582905054747726,0.11064472255443975,0.025847054038863473,1,4.126632404379818,0.46620303132277957,37.29624250582236
80,0.25,2,20,0.1167396442401338,9.33917153921071,0.6684007048606873,0,0.1992983929841095,0.9950549450549452,0.993956043956044,0.90989010989011,0.6159340659340659,-0.0840659340659341,0.293956043956044,0.8590239092707634,0.8641434848308563,0.8626335352659226,0.9043750464916228,-0.0015099495649337,-0.0417415112257003,0.12112690794951768,0.0402309577610288,0.11217263652261464,0.026137558865490653,1,3.218476620882304,0.35865215446654863,28.69217235732389
80,0.25,3,20,0.113314369799871,9.065149583989683,0.6685267686843872,0,0.2052785392436083,1.0,1.0,0.8946666666666667,0.602,-0.1053333333333332,0.2926666666666667,0.9098728999495508,0.924483934044838,0.9455012172460556,1.0098623752593994,0.0210172832012176,-0.0643611580133437,0.11614380161914284,0.03478066751825925,0.11332955076961414,0.02829246279758628,0,2.78245340146074,0.30689848571767764,24.55187885741421
80,0.25,4,20,0.1166537374275436,9.332298994203487,0.6665045022964478,0,0.2037142878477139,1.0,1.0,0.9863095238095236,0.6678571428571429,-0.0136904761904762,0.3184523809523808,0.8677250921726227,0.8683980911970138,0.8927712112665176,0.9374814093112944,0.0243731200695037,-0.0447101980447769,0.12130617311728903,0.04080805022916606,0.11300246564741519,0.027110071341377225,0,3.2646440183332848,0.36112530815472077,28.89002465237766
80,0.25,5,20,0.1174513317632689,9.396106541061512,0.661038875579834,0,0.2228000607901216,0.9929292929292928,0.97020202020202,0.905050505050505,0.656060606060606,-0.065151515151515,0.2489898989898989,0.922445210814476,0.9417119204998016,0.945856922864914,1.008930394053459,0.0041450023651122,-0.0630734711885451,0.12217426988791733,0.04758696393184768,0.11125344314763157,0.02460098582234244,0,3.8069571145478145,0.42773475216133783,34.218780172907024
80,0.25,6,20,0.1137047841532037,9.096382732256302,0.647905170917511,0,0.2106036675074492,0.8714285714285716,0.8741758241758243,0.7862637362637364,0.6076923076923076,-0.0879120879120879,0.1785714285714287,0.982978954911232,0.9951000988483428,0.9988777428865432,1.0493654251098632,0.0037776440382003,-0.0504876822233198,0.1174316533833623,0.031668177787240716,0.11546169376392608,0.02749076418272194,0,2.533454222979257,0.27427432211404873,21.941945769123897
80,0.25,7,20,0.1253948700590547,10.031589604724385,0.7163876295089722,0,0.2405311234645866,0.998,0.9975,0.948,0.6435,-0.0494999999999998,0.3045000000000001,0.8564577341079712,0.8590347915887833,0.8480756610631943,0.9282725423574448,-0.0109591305255889,-0.0801968812942504,0.12938438533161434,0.0612593335195978,0.10958829674956756,0.026529488019717044,1,4.900746681567824,0.5589952151513801,44.71961721211041
80,1.0,0,20,0.1852624830554617,14.820998644436935,0.831327497959137,0,0.838342155331512,0.9898809523809522,0.995238095238095,0.8857142857142856,0.7339285714285714,-0.1095238095238094,0.1517857142857142,0.8903407260775567,0.8734798535704613,0.8089431673288345,0.8467579051852226,-0.0645366862416267,-0.0378147378563881,0.18808761762249598,0.13321212464023796,0.10487115748819273,0.029481600016345106,1,10.656969971219038,1.2702455835412716,101.61964668330172
80,1.0,1,20,0.1987525310133201,15.900202481065609,0.8448119759559631,0,0.9092128836376474,0.9272727272727272,0.972222222222222,0.9242424242424242,0.7141414141414141,-0.0479797979797977,0.2101010101010101,0.6666670918464661,0.7451276391744613,0.6094348147511482,0.7217931389808655,-0.1356928244233131,-0.1123583242297172,0.2022287937319513,0.15888803551408173,0.10376750875580014,0.026744084598240497,1,12.711042841126538,1.5311925420508912,122.4954033640713
80,1.0,2,20,0.1975548902213605,15.804391217708847,0.8411501049995422,0,0.8597345631271581,0.8333333333333333,0.8197916666666666,0.8598958333333332,0.7270833333333333,0.0401041666666666,0.1328124999999999,0.8509324193000793,0.8666250020265579,0.78590607047081,0.8608843743801117,-0.0807189315557479,-0.0749783039093017,0.20163721954804747,0.15423484471787977,0.10368174045870283,0.030258734317709184,1,12.33878757743038,1.4875796262246639,119.0063700979731
80,1.0,3,20,0.2003083070167438,16.024664561339506,0.8529835343360901,1,0.85242668360536,0.8823232323232324,0.8919191919191919,0.8464646464646464,0.704040404040404,-0.0454545454545455,0.1424242424242423,0.8963917985558509,0.9353813782334328,0.7875292554497719,0.930771817266941,-0.1478521227836609,-0.1432425618171691,0.20545129182495292,0.16243586625634726,0.1028228591840316,0.027376193265413205,1,12.99486930050778,1.579764145301783,126.38113162414264
80,1.0,4,20,0.1787833443978949,14.3026675518316,0.864611029624939,0,0.7963661840646913,0.9086666666666666,0.7226666666666668,0.8320000000000001,0.7806666666666666,0.1093333333333332,0.0513333333333334,0.8238291352987289,0.8549574047327042,0.7551556289196014,0.8261769324541092,-0.0998017758131027,-0.0710213035345077,0.18711993136165364,0.12950290193211672,0.10673859808407055,0.027042751829512983,1,10.360232154569339,1.2132715274198778,97.06172219359021
80,1.0,5,20,0.1841561921941902,14.732495375535224,0.8316636681556702,0,0.8350282721693046,1.0,1.0,0.934065934065934,0.7516483516483515,-0.0659340659340659,0.1824175824175825,0.851371493935585,0.85598955899477,0.7854708880186081,0.8659987106919289,-0.0705186709761619,-0.0805278226733208,0.18889035572463747,0.13688546429748727,0.10527454773664736,0.026329919332001836,1,10.950837143798982,1.3002712169319133,104.02169735455305
80,1.0,6,20,0.2048703075020221,16.38962460016177,0.8534377813339233,0,0.9134784611177432,0.7555555555555556,0.6267676767676768,0.7676767676767677,0.7287878787878787,0.1409090909090909,0.038888888888889,0.9517940416932106,0.9874842420220376,0.7758350476622582,0.8537556648254394,-0.2116491943597793,-0.0779206171631812,0.2097469502671557,0.1618368374401751,0.10400138232522252,0.03026502228815532,1,12.946946995214008,1.5561027538470156,124.48822030776125
80,1.0,7,20,0.1938997618867076,15.511980950936614,0.8318232297897339,1,0.8625940743420164,0.9884615384615384,0.9868131868131867,0.9148351648351648,0.737912087912088,-0.071978021978022,0.1769230769230768,0.9263307094573976,0.9220060363411904,0.8631386011838913,0.91972746104002,-0.058867435157299,-0.0565888598561287,0.19749466753534062,0.1489284890769874,0.1056236192770651,0.025806864381657548,1,11.914279126158993,1.4099922924088386,112.79938339270709
150,0.05,0,20,0.0801449654044631,12.021744810669468,0.6462134122848511,0,0.0496675236110957,1.0,1.0,0.9549999999999998,0.7425000000000002,-0.0450000000000001,0.2124999999999997,0.8418731480836869,0.8523607462644577,0.8573330879211426,0.9255525410175324,0.0049723416566849,-0.0682194530963897,0.08270517052741189,0.024765419465875863,0.07901609770136377,0.020583576343852696,0,3.7148129198813793,0.31342245676919106,47.01336851537866
150,0.05,1,20,0.0770475461851239,11.557131927768596,0.6218276619911194,0,0.0491083388132741,1.0,1.0,0.9915,0.758,-0.0085,0.2334999999999999,0.8864286601543426,0.8916025012731552,0.8996792018413544,0.9428899019956588,0.0080767005681992,-0.0432107001543045,0.08020219780903308,0.018215305746926945,0.0794605227240534,0.02095058588118693,0,2.7322958620390416,0.22923717491998086,34.38557623799713
150,0.05,2,20,0.0786856319281439,11.802844789221597,0.6042878031730652,0,0.0516175121920168,1.0,1.0,0.988,0.7554999999999998,-0.0119999999999999,0.2325000000000002,0.8742325335741044,0.8756081730127334,0.8760938256978988,0.9253485292196274,0.0004856526851654,-0.0492547035217285,0.08067419998550467,0.024771373295344633,0.07977909166168612,0.01973777775503034,0,3.715705994301695,0.3104995654800251,46.57493482200377
150,0.05,3,20,0.0797153831948944,11.957307479234164,0.6208696365356445,0,0.0421991402598304,0.9733333333333332,0.9913333333333334,0.9426666666666668,0.7613333333333333,-0.0486666666666666,0.1813333333333334,0.8340818524360657,0.8341317564249039,0.8472958415746689,0.8809523224830628,0.0131640851497649,-0.0336564809083939,0.08234178576055978,0.025633602775213423,0.07996033413569742,0.019430969445307113,0,3.8450404162820133,0.3205789852217436,48.08684778326154
150,0.05,4,20,0.0746106332097972,11.191594981469589,0.617393434047699,0,0.0425754491073761,1.0,1.0,0.9978021978021978,0.7532967032967033,-0.0021978021978021,0.2445054945054945,0.9432169049978256,0.941269251704216,0.9459901124238967,0.9823444426059724,0.0047208607196806,-0.0363543301820755,0.07755238324632492,0.01237552780910517,0.08027741257626507,0.021503245327328828,0,1.8563291713657757,0.15415952522570633,23.12392878385595
150,0.05,5,20,0.0737294183493725,11.059412752405883,0.6153064966201782,0,0.0437439581084663,1.0,1.0,0.9959595959595958,0.7494949494949494,-0.0040404040404041,0.2464646464646464,0.8530388593673706,0.8569289892911911,0.8606416553258895,0.8887440621852875,0.0037126660346984,-0.0281024068593979,0.07621438812396202,0.017490235058819324,0.07891823482369316,0.019032915377434,0,2.6235352588228986,0.2216247626152978,33.24371439229467
150,0.05,6,20,0.0773800043102312,11.607000646534685,0.6158208847045898,0,0.0406211557684124,0.988095238095238,0.9874999999999998,0.9398809523809524,0.7154761904761904,-0.0476190476190474,0.224404761904762,0.8993253201246262,0.9062998086214066,0.9129998922348024,0.9632133215665816,0.0067000836133956,-0.0502134293317794,0.07938473108756304,0.018888511551309578,0.08026016671340677,0.022366629420768523,0,2.8332767326964365,0.23534104556195015,35.30115683429252
150,0.05,7,20,0.0779390778661676,11.690861679925144,0.5976095199584961,0,0.0425217292516363,1.0,1.0,0.9934065934065934,0.7379120879120877,-0.0065934065934065,0.2554945054945057,0.9272374480962752,0.931887298822403,0.9377035915851591,0.9823625922203064,0.0058162927627563,-0.0446590006351471,0.0799662346476086,0.017576877641422385,0.0809277003592729,0.022400000192372562,0,2.6365316462133577,0.2171923527221342,32.57885290832013
150,0.25,0,20,0.0857203273542875,12.858049103143127,0.6397952437400818,0,0.2244220228035782,1.0,1.0,0.9901041666666666,0.7479166666666667,-0.0098958333333334,0.2421874999999999,0.8915451824665069,0.8976477384567261,0.8937247157096863,0.930121973156929,-0.0039230227470398,-0.0363972574472427,0.08837830005274169,0.03904244622606658,0.07966718635444772,0.019973864354084415,1,5.856366933909986,0.49006934991230405,73.5104024868456
150,0.25,1,20,0.097205291797451,14.58079376961765,0.6278564929962158,0,0.2593964909926345,0.9963541666666668,0.9927083333333332,0.9421875,0.68125,-0.0505208333333332,0.2609374999999999,0.8573949784040451,0.8628470808267593,0.8627735376358032,0.907939565181732,-7.354319095609352e-05,-0.0451660275459289,0.09946740461230989,0.05454655730845943,0.07944778406910023,0.021740111109188092,1,8.181983596268914,0.6865711605123839,102.98567407685758
150,0.25,2,20,0.0857333181994796,12.859997729921943,0.6252769827842712,0,0.2135186840201121,1.0,1.0,1.0,0.7976190476190476,0.0,0.2023809523809524,0.9100359588861464,0.9152692317962646,0.9091105669736862,0.9522042036056518,-0.0061586648225784,-0.0430936366319656,0.08821286949774011,0.0365246310211064,0.07969809490193744,0.01905022418967447,1,5.47869465316596,0.4582873789649205,68.74310684473808
150,0.25,3,20,0.0815476836286166,12.2321525442925,0.6215105056762695,0,0.1943406278894952,1.0,1.0,0.978,0.7613333333333333,-0.0219999999999999,0.2166666666666667,0.9211343884468078,0.9290110051631928,0.9264076054096222,0.991473713517189,-0.0026033997535706,-0.0650661081075668,0.08420572865204004,0.0300431811647773,0.07882244538660918,0.019791196639067466,1,4.506477174716595,0.3811500774610732,57.17251161916098
150,0.25,4,20,0.0880654260349504,13.209813905242571,0.6178654432296753,0,0.2155829969510519,1.0,1.0,0.993939393939394,0.7267676767676768,-0.0060606060606061,0.267171717171717,0.9221337080001832,0.932143098115921,0.9339231073856352,1.0047616839408875,0.0017800092697143,-0.0708385765552521,0.09169872437224562,0.04321474465373103,0.07879018625593001,0.019935914851233433,0,6.482211698059654,0.5484787726400195,82.27181589600293
150,0.25,5,20,0.0899185551158862,13.48778326738294,0.6411880254745483,0,0.2159505175339313,1.0,1.0,0.9692708333333334,0.68125,-0.0307291666666665,0.2880208333333334,0.8985002398490906,0.9013559341430664,0.9036104410886764,0.9482543230056762,0.0022545069456101,-0.0446438819169997,0.09191354732105252,0.043708662712917484,0.07924786161454969,0.018408822201348513,0,6.556299406937622,0.5515437492245556,82.73156238368334
150,0.25,6,20,0.0914833348406723,13.722500226100852,0.6264223456382751,0,0.2285607841455989,1.0,1.0,0.964141414141414,0.657070707070707,-0.035858585858586,0.3070707070707069,0.9259082287549972,0.9289318263530733,0.9326204538345336,0.9676897913217544,0.0036886274814605,-0.0350693374872207,0.09426539093049965,0.045487717011729385,0.08009970291874137,0.02074948136134245,0,6.823157551759408,0.5678887106220012,85.18330659330017
150,0.25,7,20,0.0925024731904554,13.875370978568323,0.6397626399993896,0,0.2557741217971859,1.0,1.0,0.978,0.6715000000000001,-0.022,0.3064999999999999,0.8533092856407165,0.8581101924180985,0.8574291974306106,0.8907889634370804,-0.0006809949874878,-0.0333597660064697,0.09485146563400723,0.047556728071029834,0.0794381899092195,0.019081493434295722,1,7.133509210654475,0.5986632893495785,89.79949340243677
150,1.0,0,20,0.1519548427552402,22.793226413286032,0.8026785850524902,0,0.7896721998518317,0.84375,0.878125,0.92578125,0.825,0.0476562499999999,0.10078125,0.8736660480499268,0.8781443268060685,0.8057217419147491,0.9021289259195328,-0.0724225848913193,-0.0964071840047836,0.15525618488620985,0.11341585086953733,0.07588336166850727,0.020296900795720337,1,17.0123776304306,1.4946076238028159,224.19114357042238
150,1.0,1,20,0.190831952253168,28.62479283797521,0.8556954860687256,0,0.8751633442054295,0.8210000000000003,0.8925000000000001,0.911,0.745,0.0185,0.1660000000000001,0.8811080008745193,0.9167782813310624,0.7573329344391823,0.865845388174057,-0.15944534689188,-0.1085124537348747,0.18957426598097085,0.15989035133651028,0.07315847259612351,0.019680362692020156,1,23.98355270047654,2.18553430194198,327.830145291297
150,1.0,2,20,0.1801828955590323,27.02743433385485,0.8567332029342651,1,0.9323846654321264,0.9696969696969694,0.96010101010101,0.9065656565656566,0.7727272727272727,-0.0535353535353533,0.1338383838383838,0.6524029701948166,0.6971447631716728,0.5746096044778823,0.7239425346255303,-0.1225351586937905,-0.1493329301476479,0.18052926422381993,0.1489080508667883,0.07094985821028388,0.020121535331856056,1,22.336207630018244,2.098778695588777,314.81680433831656
150,1.0,3,20,0.1674499104431318,25.11748656646978,0.7918188571929932,1,0.85254388396836,0.9576923076923076,0.9752747252747253,0.9302197802197802,0.7565934065934063,-0.0450549450549448,0.1736263736263739,0.7677978694438934,0.7847028523683548,0.7020437747240067,0.7603341042995453,-0.0826590776443481,-0.0582903295755385,0.1674559442263247,0.13173267636742172,0.07469924648201957,0.020852254726701838,1,19.75990145511326,1.7635074324227666,264.526114863415
150,1.0,4,20,0.1501034208128668,22.515513121930024,0.7386391758918762,0,0.7465479192092779,0.974,0.946,0.904,0.7646666666666667,-0.042,0.1393333333333332,0.8926137983798981,0.9007812887430192,0.8148846745491027,0.8817149430513382,-0.0858966141939163,-0.0668302685022355,0.153318659229841,0.11130854971603198,0.07630255954243947,0.020287728538905706,1,16.696282457404795,1.4587787144168103,218.81680716252154
150,1.0,5,20,0.1735411221514363,26.03116832271545,0.7832673192024231,0,0.8808869600808027,0.9453125,0.9505208333333336,0.9208333333333334,0.7869791666666667,-0.0296875000000002,0.1338541666666667,0.6938859909772873,0.7375323966145515,0.637088093161583,0.7916007250547409,-0.1004443034529685,-0.1545126318931579,0.17162181283630723,0.13757840328212065,0.07391944671911016,0.018701093932130586,1,20.636760492318096,1.8611936288553543,279.1790443283032
150,1.0,6,20,0.2093140562498946,31.3971084374842,0.9079827070236206,2,0.9427675602426704,0.9327380952380953,0.938690476190476,0.9226190476190476,0.7750000000000001,-0.0160714285714284,0.1476190476190475,0.7848458394408226,0.8187343925237656,0.6626749828457832,0.7927906721830368,-0.1560594096779823,-0.1301156893372536,0.21506979193325423,0.19461346543086397,0.0706283397799477,0.019858865990634522,1,29.192019814629596,2.755458588396796,413.3187882595194
150,1.0,7,20,0.1883089175139645,28.24633762709468,0.8639443516731262,0,0.9236223998903452,1.0,1.0,0.9567708333333332,0.784375,-0.0432291666666666,0.1723958333333333,0.8865431100130081,0.893386572599411,0.779498353600502,0.8322628706693649,-0.113888218998909,-0.0527645170688628,0.1908523900420082,0.15812601287735448,0.07359248074266732,0.018824497795455565,1,23.71890193160317,2.1486707783404895,322.30061675107345
