country_id,country_name,regime,T_c,polyarchy_last,delta_norm,pool_score_norm,mse_pool_A,mse_pool_B,mse_hnavar,mse_cold,tau2_learned,BV,CRC,seed
3,Mexico,hybrid,92,0.691,0.010870768688619137,0.012298697605729103,0.04578123986721039,0.09154117107391357,0.042169056832790375,0.14126545190811157,0.7946745753288269,0.5638879781768867,0.15845021215463878,42
5,Sweden,democracy,92,0.914,0.007493564859032631,0.008370538242161274,0.02633782848715782,0.20778748393058777,0.05239587277173996,0.09320412576198578,0.7946745753288269,0.5638879781768867,0.15845021215463878,42
6,Switzerland,democracy,92,0.888,0.004785423167049885,0.005392091814428568,0.03140049800276756,0.2000735104084015,0.05406733229756355,0.10790673643350601,0.7946745753288269,0.5638879781768867,0.15845021215463878,42
7,Ghana,democracy,27,0.733,0.008686094544827938,0.009573336690664291,0.03746022284030914,0.1313319057226181,0.07483986020088196,0.09240538626909256,0.7946745753288269,0.5638879781768867,0.15845021215463878,42
8,South Africa,democracy,75,0.745,0.008427336812019348,0.009372645989060402,0.021967394277453423,0.07252321392297745,0.15215934813022614,0.024151554331183434,0.7946745753288269,0.5638879781768867,0.15845021215463878,42
9,Japan,democracy,86,0.842,0.009841077961027622,0.010778075084090233,0.011020566336810589,0.1559096723794937,0.031925879418849945,0.06299277395009995,0.7946745753288269,0.5638879781768867,0.15845021215463878,42
12,Albania,hybrid,74,0.484,0.01006297767162323,0.011643048375844955,0.043033137917518616,0.06383213400840759,0.08293724805116653,0.2000529021024704,0.7946745753288269,0.5638879781768867,0.15845021215463878,42
13,Egypt,authoritarian,35,0.208,0.003951522056013346,0.004587716888636351,0.06059125438332558,0.1089489609003067,0.07636027783155441,0.11685338616371155,0.7946745753288269,0.5638879781768867,0.15845021215463878,42
15,Colombia,hybrid,88,0.532,0.010394738987088203,0.011947045102715492,0.20396029949188232,0.2290830910205841,0.12266551703214645,0.13023105263710022,0.7946745753288269,0.5638879781768867,0.15845021215463878,42
17,Poland,democracy,76,0.881,0.01131761446595192,0.012355654500424862,0.04962882399559021,0.11677030473947525,0.08814887702465057,0.06977101415395737,0.7946745753288269,0.5638879781768867,0.15845021215463878,42
19,Brazil,democracy,86,0.855,0.011685766279697418,0.012981128878891468,0.09183626621961594,0.15075615048408508,0.08893712610006332,0.12934759259223938,0.7946745753288269,0.5638879781768867,0.15845021215463878,42
20,United States of America,democracy,92,0.827,0.007015641313046217,0.00779769429937005,0.04324034973978996,0.21760058403015137,0.07609604299068451,0.13894253969192505,0.7946745753288269,0.5638879781768867,0.15845021215463878,42
21,Portugal,democracy,86,0.883,0.015190423466265202,0.016983648762106895,0.06205693259835243,0.1768142282962799,0.09674101322889328,0.08622319996356964,0.7946745753288269,0.5638879781768867,0.15845021215463878,42
22,El Salvador,hybrid,70,0.547,0.010581152513623238,0.012365165166556835,0.027966151013970375,0.09151623398065567,0.05543537810444832,0.019824760034680367,0.7946745753288269,0.5638879781768867,0.15845021215463878,42
24,Bangladesh,hybrid,24,0.503,0.006975837983191013,0.007729411590844393,0.01702612079679966,0.08738447725772858,0.08233711123466492,0.2621123790740967,0.7946745753288269,0.5638879781768867,0.15845021215463878,42
25,Bolivia,democracy,80,0.729,0.011658442206680775,0.013105208054184914,0.3434047996997833,0.31215497851371765,0.2664352357387543,0.3031666874885559,0.7946745753288269,0.5638879781768867,0.15845021215463878,42
26,Haiti,hybrid,54,0.41,0.007462066598236561,0.008230408653616905,0.12634140253067017,0.11495205014944077,0.20401811599731445,0.0849943608045578,0.7946745753288269,0.5638879781768867,0.15845021215463878,42
27,Honduras,hybrid,33,0.555,0.00787859596312046,0.008852764964103699,0.1256372183561325,0.12343478947877884,0.12567348778247833,0.21065674722194672,0.7946745753288269,0.5638879781768867,0.15845021215463878,42
28,Mali,hybrid,33,0.595,0.010676654987037182,0.012042890302836895,0.02283221110701561,0.0576203428208828,0.06485258042812347,0.034295834600925446,0.7946745753288269,0.5638879781768867,0.15845021215463878,42
29,Pakistan,authoritarian,38,0.236,0.007046959362924099,0.008051672019064426,0.058284882456064224,0.11251180619001389,0.09311751276254654,0.15526852011680603,0.7946745753288269,0.5638879781768867,0.15845021215463878,42
30,Peru,democracy,71,0.798,0.011215901002287865,0.013021140359342098,0.11253595352172852,0.17136593163013458,0.12996552884578705,0.44757530093193054,0.7946745753288269,0.5638879781768867,0.15845021215463878,42
31,Senegal,hybrid,43,0.684,0.005003824830055237,0.005272286012768745,0.013926605693995953,0.04315250739455223,0.03374357149004936,0.05054410919547081,0.7946745753288269,0.5638879781768867,0.15845021215463878,42
36,Afghanistan,authoritarian,36,0.091,0.008494671434164047,0.009893132373690605,0.8569361567497253,0.7201955914497375,0.703835129737854,0.8950533866882324,0.7946745753288269,0.5638879781768867,0.15845021215463878,42
37,Argentina,democracy,78,0.828,0.01039088424295187,0.011751123704016209,0.19395600259304047,0.2116275429725647,0.1738576889038086,0.2986699342727661,0.7946745753288269,0.5638879781768867,0.15845021215463878,42
38,Ethiopia,authoritarian,19,0.094,0.001314931781962514,0.0015382171841338277,0.25958386063575745,0.25003525614738464,0.2549174726009369,0.28070127964019775,0.7946745753288269,0.5638879781768867,0.15845021215463878,42
39,India,democracy,54,0.73,0.006436488591134548,0.007223280146718025,0.11535231024026871,0.18094195425510406,0.1261111944913864,0.2139187902212143,0.7946745753288269,0.5638879781768867,0.15845021215463878,42
40,Kenya,hybrid,40,0.419,0.006591156590729952,0.007390224374830723,0.03573474660515785,0.07303508371114731,0.03806208074092865,0.10741624236106873,0.7946745753288269,0.5638879781768867,0.15845021215463878,42
41,North Korea,authoritarian,52,0.084,0.003230590373277664,0.003676200518384576,0.012304924428462982,0.12060428410768509,0.0517430305480957,0.30236271023750305,0.7946745753288269,0.5638879781768867,0.15845021215463878,42
42,South Korea,democracy,55,0.84,0.012176400050520897,0.013557628728449345,0.025307580828666687,0.11482846736907959,0.07077252864837646,0.03117441199719906,0.7946745753288269,0.5638879781768867,0.15845021215463878,42
44,Lebanon,hybrid,52,0.351,0.007045537233352661,0.008363908156752586,0.14919784665107727,0.16921748220920563,0.11750863492488861,0.3101438879966736,0.7946745753288269,0.5638879781768867,0.15845021215463878,42
45,Nigeria,hybrid,18,0.478,0.006429029628634453,0.007306222338229418,0.19062814116477966,0.24495311081409454,0.28525614738464355,0.17147092521190643,0.7946745753288269,0.5638879781768867,0.15845021215463878,42
46,Philippines,hybrid,52,0.535,0.010351994074881077,0.011365068145096302,0.03346046805381775,0.14002741873264313,0.02880563586950302,0.027017921209335327,0.7946745753288269,0.5638879781768867,0.15845021215463878,42
47,Tanzania,hybrid,39,0.449,0.00621436582878232,0.00687872851267457,0.045321933925151825,0.07315483689308167,0.07851613312959671,0.08358252048492432,0.7946745753288269,0.5638879781768867,0.15845021215463878,42
49,Thailand,hybrid,55,0.551,0.009416711516678333,0.010654009878635406,0.2247612327337265,0.21738730370998383,0.18065844476222992,0.2763785123825073,0.7946745753288269,0.5638879781768867,0.15845021215463878,42
50,Uganda,authoritarian,33,0.27,0.008780715987086296,0.00991322472691536,0.04150109365582466,0.11420256644487381,0.07579421252012253,0.1423916220664978,0.7946745753288269,0.5638879781768867,0.15845021215463878,42
51,Venezuela,hybrid,83,0.5,0.016933785751461983,0.018705427646636963,0.46216070652008057,0.5082997679710388,0.46588557958602905,0.5803728103637695,0.7946745753288269,0.5638879781768867,0.15845021215463878,42
52,Benin,hybrid,28,0.615,0.009206155315041542,0.010001768358051777,0.01968376897275448,0.07308995723724365,0.047855306416749954,0.03292018920183182,0.7946745753288269,0.5638879781768867,0.15845021215463878,42
54,Burkina Faso,hybrid,16,0.541,0.0012073090765625238,0.0013866021763533354,,,,,0.7946745753288269,0.5638879781768867,0.15845021215463878,42
55,Cambodia,hybrid,29,0.32,0.008307092823088169,0.009499389678239822,0.09619372338056564,0.12693294882774353,0.16286689043045044,0.18324069678783417,0.7946745753288269,0.5638879781768867,0.15845021215463878,42
56,Indonesia,hybrid,54,0.685,0.010143214836716652,0.011482421308755875,0.5010662078857422,0.411420613527298,0.4759922921657562,0.8870757222175598,0.7946745753288269,0.5638879781768867,0.15845021215463878,42
57,Mozambique,hybrid,28,0.422,0.012090922333300114,0.013878313824534416,0.018073443323373795,0.0625692754983902,0.0698300153017044,0.024314092472195625,0.7946745753288269,0.5638879781768867,0.15845021215463878,42
58,Nepal,hybrid,39,0.388,0.008278890512883663,0.009511783719062805,0.1016685739159584,0.18776392936706543,0.23287180066108704,0.13880950212478638,0.7946745753288269,0.5638879781768867,0.15845021215463878,42
59,Nicaragua,hybrid,71,0.612,0.014563538134098053,0.01636682264506817,0.08987832814455032,0.12287512421607971,0.09865440428256989,0.14542479813098907,0.7946745753288269,0.5638879781768867,0.15845021215463878,42
60,Niger,hybrid,29,0.544,0.007728180848062038,0.008468148298561573,0.06840957701206207,0.08920129388570786,0.07256657630205154,0.08296644687652588,0.7946745753288269,0.5638879781768867,0.15845021215463878,42
61,Zambia,hybrid,39,0.491,0.006985021755099297,0.007603565696626902,0.3082871437072754,0.32389095425605774,0.42653486132621765,0.5179553627967834,0.7946745753288269,0.5638879781768867,0.15845021215463878,42
62,Zimbabwe,authoritarian,23,0.266,0.005649638827890158,0.006248297169804573,0.21181651949882507,0.2986893355846405,0.19752570986747742,0.2404053658246994,0.7946745753288269,0.5638879781768867,0.15845021215463878,42
63,Guinea,authoritarian,39,0.271,0.007481756620109081,0.00816324446350336,0.054804131388664246,0.09865208715200424,0.11514970660209656,0.08091400563716888,0.7946745753288269,0.5638879781768867,0.15845021215463878,42
64,Ivory Coast,hybrid,42,0.451,0.006877644918859005,0.007568839471787214,0.4952102601528168,0.3427559733390808,0.36043781042099,0.5079896450042725,0.7946745753288269,0.5638879781768867,0.15845021215463878,42
65,Mauritania,hybrid,29,0.312,0.0036365576088428497,0.003939392045140266,0.0854378193616867,0.10756941884756088,0.09877162426710129,0.11652791500091553,0.7946745753288269,0.5638879781768867,0.15845021215463878,42
66,Canada,democracy,92,0.831,0.006479137577116489,0.007259924430400133,0.019967343658208847,0.1309562623500824,0.03734031319618225,0.0697576105594635,0.7946745753288269,0.5638879781768867,0.15845021215463878,42
67,Australia,democracy,91,0.88,0.0028130135033279657,0.0032722195610404015,0.011650720611214638,0.15792535245418549,0.01445260364562273,0.01867091841995716,0.7946745753288269,0.5638879781768867,0.15845021215463878,42
68,Botswana,democracy,37,0.707,0.0016465602675452828,0.0018988961819559336,0.04953312873840332,0.1670820415019989,0.06980647146701813,0.10525121539831161,0.7946745753288269,0.5638879781768867,0.15845021215463878,42
69,Burundi,authoritarian,21,0.207,0.006857127416878939,0.007666048593819141,0.36151233315467834,0.32334986329078674,0.4862458407878876,1.0114580392837524,0.7946745753288269,0.5638879781768867,0.15845021215463878,42
71,Central African Republic,hybrid,22,0.34,0.007091975770890713,0.00791090913116932,0.14252279698848724,0.13376355171203613,0.13416865468025208,0.2541666030883789,0.7946745753288269,0.5638879781768867,0.15845021215463878,42
72,Chile,democracy,69,0.878,0.008720858953893185,0.009773606434464455,0.09421557188034058,0.17647433280944824,0.14781948924064636,0.22106151282787323,0.7946745753288269,0.5638879781768867,0.15845021215463878,42
73,Costa Rica,democracy,76,0.899,0.00950205884873867,0.010537892580032349,0.06498125195503235,0.16682669520378113,0.07466734945774078,0.13070741295814514,0.7946745753288269,0.5638879781768867,0.15845021215463878,42
75,Ecuador,hybrid,80,0.696,0.008291687816381454,0.009075882844626904,0.06569591164588928,0.1181090697646141,0.07886592298746109,0.09984388202428818,0.7946745753288269,0.5638879781768867,0.15845021215463878,42
76,France,democracy,92,0.878,0.007588695269078016,0.008571813814342022,0.04897480458021164,0.28640228509902954,0.059293169528245926,0.0839572325348854,0.7946745753288269,0.5638879781768867,0.15845021215463878,42
77,Germany,democracy,42,0.897,0.013331589289009571,0.015182255767285824,0.025044908747076988,0.22585426270961761,0.07761666923761368,0.03893072158098221,0.7946745753288269,0.5638879781768867,0.15845021215463878,42
78,Guatemala,hybrid,71,0.549,0.013070822693407536,0.014907384291291237,0.016440751031041145,0.10900747030973434,0.05021923407912254,0.10025212168693542,0.7946745753288269,0.5638879781768867,0.15845021215463878,42
79,Iran,authoritarian,53,0.232,0.007983307354152203,0.00937969982624054,0.12132307142019272,0.17176105082035065,0.11451449245214462,0.09599269926548004,0.7946745753288269,0.5638879781768867,0.15845021215463878,42
80,Iraq,authoritarian,29,0.145,0.008918583393096924,0.010568972676992416,1.163689136505127,0.9270498156547546,1.0186545848846436,1.2109947204589844,0.7946745753288269,0.5638879781768867,0.15845021215463878,42
81,Ireland,democracy,75,0.89,0.003347015706822276,0.003892220091074705,0.02697502262890339,0.09614379703998566,0.03705799579620361,0.08255830407142639,0.7946745753288269,0.5638879781768867,0.15845021215463878,42
82,Italy,democracy,92,0.84,0.014275280758738518,0.015894081443548203,0.05185738578438759,0.08559223264455795,0.045987971127033234,0.045082882046699524,0.7946745753288269,0.5638879781768867,0.15845021215463878,42
83,Jordan,authoritarian,40,0.223,0.005684251431375742,0.0068761566653847694,0.1688159704208374,0.21036659181118011,0.19183295965194702,0.2672376036643982,0.7946745753288269,0.5638879781768867,0.15845021215463878,42
84,Latvia,democracy,17,0.794,0.0033887915778905153,0.004097438883036375,,,,,0.7946745753288269,0.5638879781768867,0.15845021215463878,42
85,Lesotho,hybrid,29,0.499,0.005241225007921457,0.0058362120762467384,0.03704943507909775,0.04840034246444702,0.07026457041501999,0.24405166506767273,0.7946745753288269,0.5638879781768867,0.15845021215463878,42
86,Liberia,hybrid,49,0.346,0.007181378081440926,0.008455157279968262,3.464005708694458,3.324172258377075,3.3087658882141113,3.903656482696533,0.7946745753288269,0.5638879781768867,0.15845021215463878,42
87,Malawi,hybrid,39,0.474,0.0074717323295772076,0.008097209967672825,0.15691214799880981,0.22380824387073517,0.22747096419334412,0.2773153483867645,0.7946745753288269,0.5638879781768867,0.15845021215463878,42
89,Mongolia,hybrid,52,0.669,0.010580920614302158,0.011791106313467026,0.21593411266803741,0.2570665180683136,0.21448175609111786,0.256849080324173,0.7946745753288269,0.5638879781768867,0.15845021215463878,42
90,Morocco,authoritarian,33,0.243,0.0070687043480575085,0.008297130465507507,0.041045960038900375,0.06734015047550201,0.061243150383234024,0.0991487130522728,0.7946745753288269,0.5638879781768867,0.15845021215463878,42
91,Netherlands,democracy,92,0.856,0.005485523026436567,0.0060746148228645325,0.08610418438911438,0.1446695178747177,0.08949080854654312,0.4728400409221649,0.7946745753288269,0.5638879781768867,0.15845021215463878,42
92,Panama,democracy,82,0.734,0.008533627726137638,0.00963949877768755,0.3304309844970703,0.33013129234313965,0.30124083161354065,0.4399915933609009,0.7946745753288269,0.5638879781768867,0.15845021215463878,42
95,Sierra Leone,hybrid,32,0.3,0.006754610221832991,0.007705332711338997,0.2604524493217468,0.19406935572624207,0.2281707525253296,0.832580029964447,0.7946745753288269,0.5638879781768867,0.15845021215463878,42
96,Spain,democracy,85,0.891,0.017839886248111725,0.019959406927227974,0.03494386002421379,0.20224598050117493,0.08987359702587128,0.022286484017968178,0.7946745753288269,0.5638879781768867,0.15845021215463878,42
97,Syria,authoritarian,45,0.15,0.007684630807489157,0.008931928314268589,0.044893283396959305,0.08894766867160797,0.041739922016859055,0.0356367751955986,0.7946745753288269,0.5638879781768867,0.15845021215463878,42
98,Tunisia,authoritarian,44,0.19,0.003427795134484768,0.0036944833118468523,0.04757943004369736,0.07754300534725189,0.05774331092834473,0.07672832906246185,0.7946745753288269,0.5638879781768867,0.15845021215463878,42
99,Turkey,hybrid,73,0.642,0.011395875364542007,0.012781446799635887,0.08665706217288971,0.14372503757476807,0.08786611258983612,0.143714040517807,0.7946745753288269,0.5638879781768867,0.15845021215463878,42
100,Ukraine,hybrid,17,0.601,0.0061582839116454124,0.007413461338728666,,,,,0.7946745753288269,0.5638879781768867,0.15845021215463878,42
101,United Kingdom,democracy,92,0.857,0.00703292153775692,0.00788865052163601,0.03227600082755089,0.21324235200881958,0.09147807955741882,0.07087279111146927,0.7946745753288269,0.5638879781768867,0.15845021215463878,42
102,Uruguay,democracy,82,0.877,0.012037960812449455,0.01337296050041914,0.04322053864598274,0.14697660505771637,0.058728959411382675,0.08568480610847473,0.7946745753288269,0.5638879781768867,0.15845021215463878,42
103,Algeria,hybrid,25,0.327,0.008615306578576565,0.009904668666422367,0.08760027587413788,0.13309426605701447,0.1607353389263153,0.10380765795707703,0.7946745753288269,0.5638879781768867,0.15845021215463878,42
104,Angola,authoritarian,27,0.165,0.007281855214387178,0.007864684797823429,0.9128884077072144,0.8575920462608337,1.1012649536132812,2.008533477783203,0.7946745753288269,0.5638879781768867,0.15845021215463878,42
105,Armenia,hybrid,17,0.352,0.004435995128005743,0.005096049513667822,,,,,0.7946745753288269,0.5638879781768867,0.15845021215463878,42
106,Azerbaijan,authoritarian,17,0.217,0.012907367199659348,0.014444238506257534,,,,,0.7946745753288269,0.5638879781768867,0.15845021215463878,42
107,Belarus,authoritarian,17,0.224,0.005394423380494118,0.006124432664364576,,,,,0.7946745753288269,0.5638879781768867,0.15845021215463878,42
108,Cameroon,hybrid,41,0.312,0.007989403791725636,0.009138820692896843,0.004614345729351044,0.05379905179142952,0.05425610765814781,0.012088012881577015,0.7946745753288269,0.5638879781768867,0.15845021215463878,42
109,Chad,authoritarian,35,0.28,0.008521704003214836,0.009651059284806252,0.2709863781929016,0.30139100551605225,0.39120447635650635,0.5481767654418945,0.7946745753288269,0.5638879781768867,0.15845021215463878,42
111,Democratic Republic of the Congo,hybrid,16,0.364,0.008467950858175755,0.009641562588512897,,,,,0.7946745753288269,0.5638879781768867,0.15845021215463878,42
112,Republic of the Congo,authoritarian,17,0.253,0.0087624816223979,0.010652978904545307,,,,,0.7946745753288269,0.5638879781768867,0.15845021215463878,42
114,Dominican Republic,hybrid,51,0.656,0.011948048137128353,0.013341756537556648,0.10398576408624649,0.16038253903388977,0.09254702180624008,0.13012336194515228,0.7946745753288269,0.5638879781768867,0.15845021215463878,42
116,Gabon,hybrid,43,0.349,0.008269678801298141,0.009273593313992023,0.4130498170852661,0.4895777702331543,0.48395809531211853,0.690696120262146,0.7946745753288269,0.5638879781768867,0.15845021215463878,42
117,The Gambia,authoritarian,36,0.259,0.004854034166783094,0.005391714163124561,0.14459143579006195,0.19699202477931976,0.2125108242034912,0.18528462946414948,0.7946745753288269,0.5638879781768867,0.15845021215463878,42
118,Georgia,hybrid,17,0.545,0.007707751356065273,0.008991389535367489,,,,,0.7946745753288269,0.5638879781768867,0.15845021215463878,42
119,Guinea-Bissau,hybrid,29,0.444,0.004099397454410791,0.004470247775316238,0.045294180512428284,0.07698684185743332,0.06699967384338379,0.14384472370147705,0.7946745753288269,0.5638879781768867,0.15845021215463878,42
120,Jamaica,democracy,41,0.7,0.0034905578941106796,0.004055539146065712,0.03717271611094475,0.09356268495321274,0.06471292674541473,0.0644642636179924,0.7946745753288269,0.5638879781768867,0.15845021215463878,42
121,Kazakhstan,authoritarian,17,0.242,0.0023130474146455526,0.002761432435363531,,,,,0.7946745753288269,0.5638879781768867,0.15845021215463878,42
122,Kyrgyzstan,hybrid,17,0.322,0.0038229338824748993,0.004530915524810553,,,,,0.7946745753288269,0.5638879781768867,0.15845021215463878,42
123,Laos,authoritarian,36,0.091,0.010653465054929256,0.012327475473284721,0.30648794770240784,0.3564170002937317,0.320513516664505,0.37016478180885315,0.7946745753288269,0.5638879781768867,0.15845021215463878,42
124,Libya,authoritarian,43,0.072,0.005392980761826038,0.006240626331418753,0.04250373691320419,0.09050071239471436,0.02413153648376465,0.0789102241396904,0.7946745753288269,0.5638879781768867,0.15845021215463878,42
125,Madagascar,hybrid,28,0.429,0.007594170980155468,0.008520359173417091,0.21656553447246552,0.1329060196876526,0.13663636147975922,0.26561662554740906,0.7946745753288269,0.5638879781768867,0.15845021215463878,42
126,Moldova,hybrid,17,0.434,0.004440102260559797,0.005251480266451836,,,,,0.7946745753288269,0.5638879781768867,0.15845021215463878,42
127,Namibia,hybrid,24,0.655,0.01535122562199831,0.017036816105246544,0.04092121869325638,0.08764366805553436,0.05236731469631195,0.05779802054166794,0.7946745753288269,0.5638879781768867,0.15845021215463878,42
129,Rwanda,authoritarian,33,0.114,0.008100203238427639,0.009249378927052021,0.08817458897829056,0.19418486952781677,0.20966662466526031,0.4477103352546692,0.7946745753288269,0.5638879781768867,0.15845021215463878,42
131,Sri Lanka,hybrid,32,0.533,0.00492961285635829,0.005438081454485655,0.08982802927494049,0.13811275362968445,0.061590563505887985,0.06520728766918182,0.7946745753288269,0.5638879781768867,0.15845021215463878,42
132,Swaziland,authoritarian,31,0.127,0.002472177380695939,0.002991217654198408,0.08091691136360168,0.09063655883073807,0.07864216715097427,0.09982334822416306,0.7946745753288269,0.5638879781768867,0.15845021215463878,42
133,Tajikistan,authoritarian,17,0.229,0.009066303260624409,0.011033017188310623,,,,,0.7946745753288269,0.5638879781768867,0.15845021215463878,42
134,Togo,hybrid,31,0.303,0.008028117939829826,0.009027115069329739,0.05728158727288246,0.08660249412059784,0.11263137310743332,0.08537084609270096,0.7946745753288269,0.5638879781768867,0.15845021215463878,42
135,Trinidad and Tobago,democracy,41,0.743,0.0050154333002865314,0.005819287616759539,0.3963831961154938,0.4292105436325073,0.4879075586795807,0.410888671875,0.7946745753288269,0.5638879781768867,0.15845021215463878,42
136,Turkmenistan,authoritarian,17,0.134,0.004217041656374931,0.005108198616653681,,,,,0.7946745753288269,0.5638879781768867,0.15845021215463878,42
140,Uzbekistan,authoritarian,17,0.16,0.0024631633423268795,0.002919485094025731,,,,,0.7946745753288269,0.5638879781768867,0.15845021215463878,42
144,Austria,democracy,63,0.86,0.006874793209135532,0.007922203280031681,0.028103861957788467,0.0948554128408432,0.03112098202109337,0.05746439844369888,0.7946745753288269,0.5638879781768867,0.15845021215463878,42
148,Belgium,democracy,91,0.885,0.007104409392923117,0.007713834289461374,0.04111986979842186,0.15752455592155457,0.048646628856658936,0.09754849970340729,0.7946745753288269,0.5638879781768867,0.15845021215463878,42
152,Bulgaria,democracy,79,0.723,0.012807830236852169,0.014478172175586224,0.09374981373548508,0.15636040270328522,0.10616916418075562,0.19952403008937836,0.7946745753288269,0.5638879781768867,0.15845021215463878,42
154,Croatia,democracy,16,0.789,0.006737356539815664,0.007578584831207991,,,,,0.7946745753288269,0.5638879781768867,0.15845021215463878,42
155,Cuba,authoritarian,74,0.114,0.013267830945551395,0.01479818020015955,0.048494718968868256,0.06827691197395325,0.0827745646238327,0.0703858956694603,0.7946745753288269,0.5638879781768867,0.15845021215463878,42
157,Czech Republic,democracy,15,0.902,0.001036472269333899,0.0011957405367866158,,,,,0.7946745753288269,0.5638879781768867,0.15845021215463878,42
158,Denmark,democracy,92,0.909,0.004447954706847668,0.004931451752781868,0.014362262561917305,0.2415684461593628,0.02201075479388237,0.027741435915231705,0.7946745753288269,0.5638879781768867,0.15845021215463878,42
161,Estonia,democracy,17,0.873,0.004351725336164236,0.005078576505184174,,,,,0.7946745753288269,0.5638879781768867,0.15845021215463878,42
163,Finland,democracy,78,0.875,0.005652738735079765,0.006429779343307018,0.07866381853818893,0.16625094413757324,0.06569664180278778,0.10509141534566879,0.7946745753288269,0.5638879781768867,0.15845021215463878,42
164,Greece,democracy,81,0.893,0.012470533140003681,0.013938693329691887,0.022391263395547867,0.08758868277072906,0.042307861149311066,0.016690194606781006,0.7946745753288269,0.5638879781768867,0.15845021215463878,42
169,Israel,democracy,52,0.763,0.0030834150966256857,0.0033892509527504444,0.09611830860376358,0.13108253479003906,0.1522446572780609,0.23321862518787384,0.7946745753288269,0.5638879781768867,0.15845021215463878,42
171,Kuwait,authoritarian,17,0.281,0.0024472628720104694,0.0033721227664500475,0.3453478515148163,0.4144178032875061,0.16277427971363068,0.19926582276821136,0.7946745753288269,0.5638879781768867,0.15845021215463878,42
173,Lithuania,democracy,17,0.825,0.002812894294038415,0.0034630189184099436,,,,,0.7946745753288269,0.5638879781768867,0.15845021215463878,42
176,Macedonia,hybrid,16,0.588,0.004748946987092495,0.0052681961096823215,,,,,0.7946745753288269,0.5638879781768867,0.15845021215463878,42
177,Malaysia,authoritarian,38,0.282,0.004153728019446135,0.004755351692438126,0.03592049330472946,0.07523531466722488,0.04749871790409088,0.09859862178564072,0.7946745753288269,0.5638879781768867,0.15845021215463878,42
185,New Zealand,democracy,85,0.884,0.003026040503755212,0.0035290028899908066,0.014637182466685772,0.12692363560199738,0.016503117978572845,0.019421914592385292,0.7946745753288269,0.5638879781768867,0.15845021215463878,42
186,Norway,democracy,92,0.891,0.007363774813711643,0.008337716571986675,0.0862497091293335,0.2186754196882248,0.08848445862531662,0.07787058502435684,0.7946745753288269,0.5638879781768867,0.15845021215463878,42
187,Oman,authoritarian,17,0.158,0.0020304610952734947,0.002357938326895237,,,,,0.7946745753288269,0.5638879781768867,0.15845021215463878,42
189,Paraguay,hybrid,54,0.543,0.007962698116898537,0.008854791522026062,0.006417601369321346,0.07395808398723602,0.02529873698949814,0.1449800431728363,0.7946745753288269,0.5638879781768867,0.15845021215463878,42
190,Romania,hybrid,90,0.594,0.009981474839150906,0.011334702372550964,0.11202982813119888,0.15306851267814636,0.08439342677593231,0.28835785388946533,0.7946745753288269,0.5638879781768867,0.15845021215463878,42
197,Saudi Arabia,authoritarian,53,0.018,0.0020311065018177032,0.002366989850997925,0.15077082812786102,0.20100171864032745,0.11680521816015244,0.21520261466503143,0.7946745753288269,0.5638879781768867,0.15845021215463878,42
202,Slovenia,democracy,17,0.828,0.001385754207149148,0.001685498165898025,,,,,0.7946745753288269,0.5638879781768867,0.15845021215463878,42
210,Hungary,democracy,77,0.849,0.012850501574575901,0.014256082475185394,0.05789477750658989,0.18628931045532227,0.15919886529445648,0.09082072973251343,0.7946745753288269,0.5638879781768867,0.15845021215463878,42
