bv_raw,bv_nc,crc_raw,crc_nc,n_units_used,tag,dgp,rep,N,C,T_c,het_scale,nl_scale,factor_scale,bv_true
0.3743425503811166,0.10282138764299727,0.22451948384182188,0.0639905878127178,50,p1_T15,A,0,5,50,15,0.25,0.15,1.0,0.0
0.3754922316130648,0.08966003506603162,0.2255568635702712,0.06391173602094785,50,p1_T15,A,1,5,50,15,0.25,0.15,1.0,0.0
0.3753916717168307,0.09029919747971427,0.2242992823076442,0.06268426578814952,50,p1_T15,A,2,5,50,15,0.25,0.15,1.0,0.0
0.3683868949064935,0.04602851208736782,0.22750141404467464,0.0649416328674186,50,p1_T15,A,3,5,50,15,0.25,0.15,1.0,0.0
0.3518530186572405,0.05642597578675523,0.2277563482473025,0.06505086380219632,50,p1_T15,A,4,5,50,15,0.25,0.15,1.0,0.0
0.3581257106580887,0.08420894160290018,0.22492645410253617,0.06379309500644245,50,p1_T15,A,5,5,50,15,0.25,0.15,1.0,0.0
0.3597855690882832,0.050396371748065855,0.2259351316041205,0.06455556513637173,50,p1_T15,A,6,5,50,15,0.25,0.15,1.0,0.0
0.3548481281386073,0.049599185118522994,0.2248785133976077,0.06357506901495548,50,p1_T15,A,7,5,50,15,0.25,0.15,1.0,0.0
0.36953452844940415,0.07669947633581235,0.22839984200996855,0.0661624989957432,50,p1_T15,A,8,5,50,15,0.25,0.15,1.0,0.0
0.37070080089442664,0.08045750367760572,0.2266883198611736,0.06593896497146608,50,p1_T15,A,9,5,50,15,0.25,0.15,1.0,0.0
0.35821942289232395,0.06363050689957517,0.22781663911064168,0.0664965921148566,50,p1_T15,A,10,5,50,15,0.25,0.15,1.0,0.0
0.3519712761346193,0.038689449936765236,0.2242267526654222,0.0629708152454738,50,p1_T15,A,11,5,50,15,0.25,0.15,1.0,0.0
0.3592792599524883,0.04801913891606728,0.22107515003219178,0.060473609874449386,50,p1_T15,A,12,5,50,15,0.25,0.15,1.0,0.0
0.34923792470631254,0.04968699044210249,0.22530536022106284,0.06496322741257488,50,p1_T15,A,13,5,50,15,0.25,0.15,1.0,0.0
0.356639371378412,0.051650593027274636,0.22704801939821698,0.06616923555251532,50,p1_T15,A,14,5,50,15,0.25,0.15,1.0,0.0
0.3511680813381928,0.06003240892979801,0.2262389334218172,0.06436854087899758,50,p1_T15,A,15,5,50,15,0.25,0.15,1.0,0.0
0.37243132714257654,0.08226967168360172,0.22849890419427513,0.06635883775957205,50,p1_T15,A,16,5,50,15,0.25,0.15,1.0,0.0
0.35531884142069164,0.07395476501673698,0.22614209594943338,0.0645840271659369,50,p1_T15,A,17,5,50,15,0.25,0.15,1.0,0.0
0.3741436583894772,0.09188922065029315,0.22824667958909778,0.06544748555117601,50,p1_T15,A,18,5,50,15,0.25,0.15,1.0,0.0
0.3820760325385673,0.09799467064796691,0.22677459553202595,0.06375134600905899,50,p1_T15,A,19,5,50,15,0.25,0.15,1.0,0.0
0.3552910443227803,0.04574298297960979,0.22530431742872567,0.06448350297112093,50,p1_T15,A,20,5,50,15,0.25,0.15,1.0,0.0
0.36610721649055766,0.04094597787409115,0.22794446484996758,0.06556363895264469,50,p1_T15,A,21,5,50,15,0.25,0.15,1.0,0.0
0.34636353519954854,0.04456002410408809,0.22575161169114039,0.0647408901852095,50,p1_T15,A,22,5,50,15,0.25,0.15,1.0,0.0
0.3653224319546532,0.048142539145793625,0.2271589192398714,0.06487926167971525,50,p1_T15,A,23,5,50,15,0.25,0.15,1.0,0.0
0.3566152146563298,0.06942534933105315,0.22361663368810755,0.06320027706002378,50,p1_T15,A,24,5,50,15,0.25,0.15,1.0,0.0
0.36739309710482637,0.08042356143411858,0.22873749710102634,0.067363280011828,50,p1_T15,A,25,5,50,15,0.25,0.15,1.0,0.0
0.3773075660400453,0.06388097386178523,0.22802175390557233,0.06629984388147248,50,p1_T15,A,26,5,50,15,0.25,0.15,1.0,0.0
0.3548852615839161,0.05449296147836079,0.22672398459603146,0.06375109878360571,50,p1_T15,A,27,5,50,15,0.25,0.15,1.0,0.0
0.36112078023337335,0.07716847784213483,0.2266050355211234,0.06399920903274967,50,p1_T15,A,28,5,50,15,0.25,0.15,1.0,0.0
0.3677129906144407,0.1098947659914763,0.22771067172284207,0.06368145312144426,50,p1_T15,A,29,5,50,15,0.25,0.15,1.0,0.0
0.3708906440909378,0.060348104809936076,0.2270576021286988,0.06447579116652899,50,p1_T15,A,30,5,50,15,0.25,0.15,1.0,0.0
0.3571609094577311,0.07763909395298572,0.22789166760865287,0.0653731852407388,50,p1_T15,A,31,5,50,15,0.25,0.15,1.0,0.0
0.38236921846288424,0.10596887377301473,0.2259592024424842,0.06359231226804014,50,p1_T15,A,32,5,50,15,0.25,0.15,1.0,0.0
0.38037941849978585,0.10231814696091018,0.2261140294626495,0.06434279084023053,50,p1_T15,A,33,5,50,15,0.25,0.15,1.0,0.0
0.3589911370459604,0.07368646326465186,0.22294202993535778,0.06252745158811414,50,p1_T15,A,34,5,50,15,0.25,0.15,1.0,0.0
0.38436713353416635,0.10263336477682815,0.22275645869955485,0.06305694658865595,50,p1_T15,A,35,5,50,15,0.25,0.15,1.0,0.0
0.3441316096452618,0.04796989160746806,0.22739653030214202,0.06466597984861949,50,p1_T15,A,36,5,50,15,0.25,0.15,1.0,0.0
0.4039702228329741,0.11740213021852948,0.22372011231517744,0.06331176112337554,50,p1_T15,A,37,5,50,15,0.25,0.15,1.0,0.0
0.36360072659847054,0.05055010461123242,0.22562861067070866,0.0642595145944349,50,p1_T15,A,38,5,50,15,0.25,0.15,1.0,0.0
0.36388791011851074,0.1056493556086463,0.22579075870454393,0.06464046633997818,50,p1_T15,A,39,5,50,15,0.25,0.15,1.0,0.0
0.36489454730025644,0.06238802445392471,0.22331017630298663,0.06182196623965777,50,p1_T15,A,40,5,50,15,0.25,0.15,1.0,0.0
0.36638959892842515,0.05827416292903835,0.23066017735708017,0.06679973789493174,50,p1_T15,A,41,5,50,15,0.25,0.15,1.0,0.0
0.3617690198076881,0.023630309435454223,0.2235606324785201,0.06328442521476894,50,p1_T15,A,42,5,50,15,0.25,0.15,1.0,0.0
0.3938040221502764,0.09532137977419632,0.2226968498763121,0.06274580378972433,50,p1_T15,A,43,5,50,15,0.25,0.15,1.0,0.0
0.33925209001225104,0.03865955249387569,0.2265939926773484,0.06461257807105411,50,p1_T15,A,44,5,50,15,0.25,0.15,1.0,0.0
0.3640186343806773,0.08477764473304854,0.22565479360481408,0.06422084541232698,50,p1_T15,A,45,5,50,15,0.25,0.15,1.0,0.0
0.35258893635632843,0.07584075051151648,0.22093314363373232,0.06099079197460679,50,p1_T15,A,46,5,50,15,0.25,0.15,1.0,0.0
0.37536058108257714,0.07876906481256465,0.22643314082994728,0.06534114352142913,50,p1_T15,A,47,5,50,15,0.25,0.15,1.0,0.0
0.37748776463841854,0.10209130769005176,0.22647665020897828,0.0643183403424562,50,p1_T15,A,48,5,50,15,0.25,0.15,1.0,0.0
0.3649798488802514,0.06006194588559685,0.2291428671565616,0.06606620607481273,50,p1_T15,A,49,5,50,15,0.25,0.15,1.0,0.0
0.38912567862550745,0.1935698599395005,0.22957600166413947,0.06637760376927508,50,p1_T15,B,0,5,50,15,0.25,0.15,1.0,0.15
0.37525850700768765,0.12463091439144819,0.23191714655754825,0.06829376676723631,50,p1_T15,B,1,5,50,15,0.25,0.15,1.0,0.12
0.40269592057259535,0.18498892622898347,0.22607892692655232,0.06486115008954993,50,p1_T15,B,2,5,50,15,0.25,0.15,1.0,0.14
0.39611602020481157,0.1834462769027891,0.2252045103366367,0.06385309500567832,50,p1_T15,B,3,5,50,15,0.25,0.15,1.0,0.13
0.38592836195375574,0.1673405309212753,0.2273725769859178,0.06549337923022175,50,p1_T15,B,4,5,50,15,0.25,0.15,1.0,0.15
0.4106056708595245,0.17682223034472982,0.22367500741428345,0.06275747639401368,50,p1_T15,B,5,5,50,15,0.25,0.15,1.0,0.15
0.37924831300141115,0.14980192111024557,0.22817187271026834,0.06629723975045379,50,p1_T15,B,6,5,50,15,0.25,0.15,1.0,0.13
0.43176947624468726,0.18145007773424218,0.2264847962412077,0.06502614630853516,50,p1_T15,B,7,5,50,15,0.25,0.15,1.0,0.14
0.39581717618383555,0.15579475824533437,0.22540054503347168,0.06470375335026618,50,p1_T15,B,8,5,50,15,0.25,0.15,1.0,0.1
0.38740959886264087,0.16992483947472098,0.22385463281367754,0.06285691960948944,50,p1_T15,B,9,5,50,15,0.25,0.15,1.0,0.14
0.3955106993332747,0.17049151202925888,0.22739259670467807,0.06621319733624782,50,p1_T15,B,10,5,50,15,0.25,0.15,1.0,0.11
0.3888200230465975,0.16780316162493544,0.22564323311242204,0.06492146905487411,50,p1_T15,B,11,5,50,15,0.25,0.15,1.0,0.14
0.3883277202364061,0.1286292846651417,0.22475264947580914,0.06288344165327488,50,p1_T15,B,12,5,50,15,0.25,0.15,1.0,0.12
0.3870846296379113,0.16344994046557662,0.22796641165996434,0.06556813307037802,50,p1_T15,B,13,5,50,15,0.25,0.15,1.0,0.11
0.39159496894276735,0.16904352065169384,0.22400361785773062,0.0622409706288047,50,p1_T15,B,14,5,50,15,0.25,0.15,1.0,0.12
0.39716495638836946,0.18379574917815142,0.22810013553921477,0.0656257212571255,50,p1_T15,B,15,5,50,15,0.25,0.15,1.0,0.13
0.3716422823810219,0.12462278821182896,0.22701510350648793,0.06368332325233002,50,p1_T15,B,16,5,50,15,0.25,0.15,1.0,0.1
0.38099725267949197,0.15399450406249993,0.22465133652560326,0.06302660532029668,50,p1_T15,B,17,5,50,15,0.25,0.15,1.0,0.11
0.4089964332152748,0.20930769691151851,0.2226882193696361,0.06287846868363522,50,p1_T15,B,18,5,50,15,0.25,0.15,1.0,0.12
0.3887585731559026,0.1881911835499977,0.2204816850811155,0.06139558346799984,50,p1_T15,B,19,5,50,15,0.25,0.15,1.0,0.12
0.4303699264593307,0.20956077860348532,0.22887708612008056,0.06575912855462276,50,p1_T15,B,20,5,50,15,0.25,0.15,1.0,0.16
0.38831518641623647,0.19234622213293265,0.22393613872388135,0.06323432198612881,50,p1_T15,B,21,5,50,15,0.25,0.15,1.0,0.14
0.38472721231373613,0.1269752245497169,0.23187718364259519,0.06838895821846878,50,p1_T15,B,22,5,50,15,0.25,0.15,1.0,0.09
0.3871444006521703,0.1422332345223581,0.224982347342422,0.06402334251018243,50,p1_T15,B,23,5,50,15,0.25,0.15,1.0,0.11
0.3897956112063403,0.17731579705454312,0.2249793558545763,0.06398363201592436,50,p1_T15,B,24,5,50,15,0.25,0.15,1.0,0.12
0.40963205190799307,0.21394769364556446,0.2217152978515065,0.062285246398286705,50,p1_T15,B,25,5,50,15,0.25,0.15,1.0,0.15
0.37908244637000155,0.18635225027181207,0.2270724438835541,0.06569359369603293,50,p1_T15,B,26,5,50,15,0.25,0.15,1.0,0.16
0.38359637190822665,0.15121520400581714,0.2326391470712528,0.06890565509901772,50,p1_T15,B,27,5,50,15,0.25,0.15,1.0,0.13
0.393310521909987,0.1848552011127671,0.2264750523181785,0.06496751585472599,50,p1_T15,B,28,5,50,15,0.25,0.15,1.0,0.15
0.39126129505592944,0.180296042348112,0.22300309471173896,0.06306880541943116,50,p1_T15,B,29,5,50,15,0.25,0.15,1.0,0.14
0.39494036302988517,0.16769058171073653,0.2251112895383203,0.06460503844801949,50,p1_T15,B,30,5,50,15,0.25,0.15,1.0,0.14
0.37539012244642544,0.0963320589939943,0.22382907594058077,0.06335577955516868,50,p1_T15,B,31,5,50,15,0.25,0.15,1.0,0.12
0.40258887096344886,0.16468783015239988,0.2270080341104564,0.06393373377706266,50,p1_T15,B,32,5,50,15,0.25,0.15,1.0,0.11
0.3836835351020625,0.18743918725930367,0.22514002019724033,0.06403547524117983,50,p1_T15,B,33,5,50,15,0.25,0.15,1.0,0.14
0.4147225931759892,0.1993008866363935,0.22455680240342457,0.06286895018162529,50,p1_T15,B,34,5,50,15,0.25,0.15,1.0,0.14
0.39231959605206673,0.13606377452017507,0.22608601428663566,0.0654151627487612,50,p1_T15,B,35,5,50,15,0.25,0.15,1.0,0.12
0.38695254965724446,0.1451131793332279,0.22315391633556705,0.06315180487985446,50,p1_T15,B,36,5,50,15,0.25,0.15,1.0,0.11
0.38765360082292993,0.15003841206854995,0.22398202677972015,0.06378823067642712,50,p1_T15,B,37,5,50,15,0.25,0.15,1.0,0.11
0.43080843505118954,0.2102967671092789,0.22453321005424443,0.06415528409261591,50,p1_T15,B,38,5,50,15,0.25,0.15,1.0,0.16
0.39469840814389817,0.16041935362003096,0.2266002955165545,0.06532781924772289,50,p1_T15,B,39,5,50,15,0.25,0.15,1.0,0.12
0.3748405791502606,0.13858597853190552,0.23000936376945166,0.0670361631159623,50,p1_T15,B,40,5,50,15,0.25,0.15,1.0,0.1
0.3797904653095834,0.14898890558962719,0.22851431802287014,0.06457083120797272,50,p1_T15,B,41,5,50,15,0.25,0.15,1.0,0.12
0.3934954488558631,0.17464159864722423,0.22531384669530732,0.06437263500133222,50,p1_T15,B,42,5,50,15,0.25,0.15,1.0,0.12
0.38313867417797776,0.16823785869166513,0.22367113224529922,0.06465805573172112,50,p1_T15,B,43,5,50,15,0.25,0.15,1.0,0.13
0.3965611377945898,0.16184770243271848,0.232005530837601,0.06729045669766513,50,p1_T15,B,44,5,50,15,0.25,0.15,1.0,0.16
0.40078790074647197,0.17530439806395484,0.2249691828885256,0.06375637687911553,50,p1_T15,B,45,5,50,15,0.25,0.15,1.0,0.11
0.39493831087783476,0.18761394462407316,0.23017183544585743,0.06650357214348214,50,p1_T15,B,46,5,50,15,0.25,0.15,1.0,0.13
0.40661943387924476,0.16279276570058798,0.22955370143700238,0.06584773427762898,50,p1_T15,B,47,5,50,15,0.25,0.15,1.0,0.12
0.41619265969330443,0.23535404864653656,0.23022660656360536,0.06800763049597584,50,p1_T15,B,48,5,50,15,0.25,0.15,1.0,0.17
0.40404160543918766,0.223077240508069,0.22961489652904613,0.06631468624535863,50,p1_T15,B,49,5,50,15,0.25,0.15,1.0,0.16
0.43260269804727414,0.06524663762858102,0.31346297466348044,0.12661906295865505,50,p1_T15,C,0,5,50,15,0.25,0.15,1.0,0.0
0.3804673974899386,0.06723944341142159,0.26828361061146555,0.09427258248549153,50,p1_T15,C,1,5,50,15,0.25,0.15,1.0,0.0
0.3957643351641801,0.04714711337840148,0.24930878364376785,0.08080662561706219,50,p1_T15,C,2,5,50,15,0.25,0.15,1.0,0.0
0.4173845973735888,0.10652823210115792,0.26499825361607837,0.09226772577028772,50,p1_T15,C,3,5,50,15,0.25,0.15,1.0,0.0
0.4850748964501665,0.03317592241735981,0.3892747709467521,0.18647153436164204,50,p1_T15,C,4,5,50,15,0.25,0.15,1.0,0.0
0.4421825056745736,0.11827368867825008,0.27348660812148495,0.09758478054269512,50,p1_T15,C,5,5,50,15,0.25,0.15,1.0,0.0
0.4693775508215309,0.11239801881844119,0.30732200297820134,0.12260531970425435,50,p1_T15,C,6,5,50,15,0.25,0.15,1.0,0.0
0.44844640587889356,0.13422821265906942,0.2713603037076624,0.09577749367351818,50,p1_T15,C,7,5,50,15,0.25,0.15,1.0,0.0
0.3860211041971513,0.09255350175612756,0.24020393901376594,0.07529335732378567,50,p1_T15,C,8,5,50,15,0.25,0.15,1.0,0.0
0.42753036109941833,0.12211165826134157,0.2613438518934004,0.08858008212071979,50,p1_T15,C,9,5,50,15,0.25,0.15,1.0,0.0
0.42964987130077964,0.06979506084005553,0.30932334980241005,0.12427781801862493,50,p1_T15,C,10,5,50,15,0.25,0.15,1.0,0.0
0.4708296012230094,0.16481855181774507,0.2593863636969958,0.087179189399578,50,p1_T15,C,11,5,50,15,0.25,0.15,1.0,0.0
0.39566899886116164,0.07376934141833578,0.24721014132219887,0.07868755608943608,50,p1_T15,C,12,5,50,15,0.25,0.15,1.0,0.0
0.39633084620478437,0.08205868447081516,0.26013561983245437,0.08769607055142864,50,p1_T15,C,13,5,50,15,0.25,0.15,1.0,0.0
0.49924942027749497,0.15609753651203373,0.3192350496411779,0.13019492148884917,50,p1_T15,C,14,5,50,15,0.25,0.15,1.0,0.0
0.42365979915066937,0.07847249840350688,0.2951390152317255,0.11350989074670263,50,p1_T15,C,15,5,50,15,0.25,0.15,1.0,0.0
0.40289314367861306,0.06350220338103955,0.27309392567541657,0.09639526602872966,50,p1_T15,C,16,5,50,15,0.25,0.15,1.0,0.0
0.45718958057113473,0.1432917653405509,0.29206347696686924,0.11097966761416773,50,p1_T15,C,17,5,50,15,0.25,0.15,1.0,0.0
0.44536596208214413,0.09427911476907655,0.30725941640883453,0.1225468736651283,50,p1_T15,C,18,5,50,15,0.25,0.15,1.0,0.0
0.40082885402135154,0.060386469895740244,0.2835238411457819,0.10531445405913711,50,p1_T15,C,19,5,50,15,0.25,0.15,1.0,0.0
0.4627398459227459,0.11237083634630723,0.2910187911672762,0.1106685262571588,50,p1_T15,C,20,5,50,15,0.25,0.15,1.0,0.0
0.434294079951996,0.07662400716832499,0.27329432289106287,0.09737822871638473,50,p1_T15,C,21,5,50,15,0.25,0.15,1.0,0.0
0.43273422156568797,0.049887516409374125,0.2975033524585282,0.1154343256596534,50,p1_T15,C,22,5,50,15,0.25,0.15,1.0,0.0
0.38833176801613334,0.06851267443532569,0.2719739335159589,0.09762336738160325,50,p1_T15,C,23,5,50,15,0.25,0.15,1.0,0.0
0.4666109241099708,0.07623922763213359,0.2961862161542909,0.11401569371028393,50,p1_T15,C,24,5,50,15,0.25,0.15,1.0,0.0
0.39934578201057147,0.06086733584217227,0.266948093387736,0.09149561647604,50,p1_T15,C,25,5,50,15,0.25,0.15,1.0,0.0
0.4212703834578868,0.10334527239628993,0.26111276381985205,0.08898464250591114,50,p1_T15,C,26,5,50,15,0.25,0.15,1.0,0.0
0.43653580850782303,0.11639337938033661,0.27552910584808815,0.09931286684545386,50,p1_T15,C,27,5,50,15,0.25,0.15,1.0,0.0
0.4058332665409034,0.050818377279301746,0.27693399945544733,0.09947361839621824,50,p1_T15,C,28,5,50,15,0.25,0.15,1.0,0.0
0.41415425871252104,0.07225299385946345,0.26262978792727404,0.09100169082795004,50,p1_T15,C,29,5,50,15,0.25,0.15,1.0,0.0
0.5110743832397431,0.15069606593455348,0.33208084945350513,0.14178039269355422,50,p1_T15,C,30,5,50,15,0.25,0.15,1.0,0.0
0.4944821916412283,0.12196817123119591,0.33293857511523944,0.1417521973280519,50,p1_T15,C,31,5,50,15,0.25,0.15,1.0,0.0
0.4077898550142369,0.08998111111313122,0.27525077944987675,0.09865811075298118,50,p1_T15,C,32,5,50,15,0.25,0.15,1.0,0.0
0.40972741174857463,0.06061216659282697,0.30015588628242934,0.11650011011249656,50,p1_T15,C,33,5,50,15,0.25,0.15,1.0,0.0
0.40799245249832894,0.12125401394846805,0.2473838475573677,0.07904278510232364,50,p1_T15,C,34,5,50,15,0.25,0.15,1.0,0.0
0.41436118125593985,0.11498530698232472,0.2611011431186184,0.08972108915882876,50,p1_T15,C,35,5,50,15,0.25,0.15,1.0,0.0
0.45034293763771727,0.10912451048639057,0.26891344716857074,0.09436048285653179,50,p1_T15,C,36,5,50,15,0.25,0.15,1.0,0.0
0.4695537966551153,0.08329138665889799,0.31969838045366356,0.1328130624313452,50,p1_T15,C,37,5,50,15,0.25,0.15,1.0,0.0
0.43589343733901004,0.04982082669066832,0.30982166871973177,0.12489172968372757,50,p1_T15,C,38,5,50,15,0.25,0.15,1.0,0.0
0.4515685031123989,0.060586045593549326,0.3094741634566574,0.1236032103490989,50,p1_T15,C,39,5,50,15,0.25,0.15,1.0,0.0
0.4208294414110061,0.1269456720370273,0.260155721283141,0.08858223687968837,50,p1_T15,C,40,5,50,15,0.25,0.15,1.0,0.0
0.41368293740588946,0.10237477826145686,0.26888568208348385,0.09406447651886894,50,p1_T15,C,41,5,50,15,0.25,0.15,1.0,0.0
0.40668233885422167,0.08138026779018345,0.26172717635269993,0.0894067322867918,50,p1_T15,C,42,5,50,15,0.25,0.15,1.0,0.0
0.5044638064776887,0.07994064958022239,0.3376613665795852,0.14602960628752026,50,p1_T15,C,43,5,50,15,0.25,0.15,1.0,0.0
0.4823191510997701,0.030569368087292527,0.3638057086216104,0.16487823925102407,50,p1_T15,C,44,5,50,15,0.25,0.15,1.0,0.0
0.4047397942433257,0.09238615686057595,0.25088365267029455,0.082320459632527,50,p1_T15,C,45,5,50,15,0.25,0.15,1.0,0.0
0.42845168991160165,0.10134898671020517,0.28754303923289687,0.10791661860890961,50,p1_T15,C,46,5,50,15,0.25,0.15,1.0,0.0
0.39704837626522616,0.07593338678029889,0.25257090855528297,0.08277969021856126,50,p1_T15,C,47,5,50,15,0.25,0.15,1.0,0.0
0.4827148560433929,0.08075880969559619,0.3742925916153529,0.17422629933414913,50,p1_T15,C,48,5,50,15,0.25,0.15,1.0,0.0
0.440298365553714,0.07568984356044726,0.3011349724530167,0.11817013131705789,50,p1_T15,C,49,5,50,15,0.25,0.15,1.0,0.0
0.496730064570136,0.21536113783959127,0.28417428871116135,0.10560422618220804,50,p1_T15,D,0,5,50,15,0.25,0.15,1.0,0.1
0.42927975488072434,0.12385483167727315,0.34296142991431683,0.14976982539895722,50,p1_T15,D,1,5,50,15,0.25,0.15,1.0,0.15
0.44584402805095213,0.18629438270044532,0.2861659512642958,0.10693571138117776,50,p1_T15,D,2,5,50,15,0.25,0.15,1.0,0.13
0.4346826493228062,0.14385102609448192,0.2709451141096145,0.09630481313749595,50,p1_T15,D,3,5,50,15,0.25,0.15,1.0,0.15
0.4315049265946092,0.12767679029953333,0.29735174643358214,0.11566704853060372,50,p1_T15,D,4,5,50,15,0.25,0.15,1.0,0.11
0.4940891245600423,0.2515158250847492,0.3180010907733922,0.1300890370899445,50,p1_T15,D,5,5,50,15,0.25,0.15,1.0,0.14
0.4239147566859059,0.16725311524888725,0.2714918686514208,0.09731884162592569,50,p1_T15,D,6,5,50,15,0.25,0.15,1.0,0.14
0.4702263120000684,0.16077581139180894,0.35175878429727564,0.15822436192794542,50,p1_T15,D,7,5,50,15,0.25,0.15,1.0,0.12
0.44414904755892815,0.16345682235890244,0.2685305704794204,0.09321407137617164,50,p1_T15,D,8,5,50,15,0.25,0.15,1.0,0.11
0.47261041074312254,0.15164875516036022,0.3060739203890551,0.1212205309286784,50,p1_T15,D,9,5,50,15,0.25,0.15,1.0,0.08
0.4466816202012789,0.23968301063025188,0.26003450699481157,0.08946004289774787,50,p1_T15,D,10,5,50,15,0.25,0.15,1.0,0.14
0.42418044160948637,0.18906879921642017,0.27629136845555663,0.09967378651098174,50,p1_T15,D,11,5,50,15,0.25,0.15,1.0,0.14
0.4100893138980396,0.13895813141624475,0.2513921484339296,0.08265933817012341,50,p1_T15,D,12,5,50,15,0.25,0.15,1.0,0.09
0.43649636599318226,0.12052772373830199,0.3234521336152987,0.13474582776535837,50,p1_T15,D,13,5,50,15,0.25,0.15,1.0,0.13
0.41693287023362235,0.16370132605858623,0.26118460068419214,0.08860093925920555,50,p1_T15,D,14,5,50,15,0.25,0.15,1.0,0.14
0.406204523272243,0.21434522599122763,0.23098132259022153,0.06872958287198756,50,p1_T15,D,15,5,50,15,0.25,0.15,1.0,0.16
0.3803361996704976,0.18345285656153598,0.23715893936064525,0.07218253559893173,50,p1_T15,D,16,5,50,15,0.25,0.15,1.0,0.15
0.4485243793235142,0.15101439646009093,0.30471776311485044,0.1214965086263994,50,p1_T15,D,17,5,50,15,0.25,0.15,1.0,0.07
0.4282634654561789,0.15580751697228976,0.28152760852572106,0.10460977407276914,50,p1_T15,D,18,5,50,15,0.25,0.15,1.0,0.14
0.454388969808333,0.13922836848202036,0.2848903806069404,0.10606206284680661,50,p1_T15,D,19,5,50,15,0.25,0.15,1.0,0.12
0.4014991916470214,0.13306948998200557,0.25001973437412656,0.0813002897603084,50,p1_T15,D,20,5,50,15,0.25,0.15,1.0,0.13
0.4526056894487505,0.2473736805697274,0.28443017546256694,0.10588604328521337,50,p1_T15,D,21,5,50,15,0.25,0.15,1.0,0.17
0.42117344462600664,0.1896996146462807,0.2648064089271377,0.09108487049015834,50,p1_T15,D,22,5,50,15,0.25,0.15,1.0,0.12
0.5061731837437694,0.2847442823097972,0.2850278489756143,0.105973069986043,50,p1_T15,D,23,5,50,15,0.25,0.15,1.0,0.16
0.39822756234150136,0.12028865351448939,0.2742029447008832,0.097888237905801,50,p1_T15,D,24,5,50,15,0.25,0.15,1.0,0.14
0.43753445488969783,0.2280696460484348,0.26318991403203146,0.09023698352563796,50,p1_T15,D,25,5,50,15,0.25,0.15,1.0,0.13
0.40548869997377635,0.16237433144752014,0.25891901300952413,0.08794726148222295,50,p1_T15,D,26,5,50,15,0.25,0.15,1.0,0.14
0.4416434203728159,0.1816867343240533,0.27458727275320594,0.09807548938278404,50,p1_T15,D,27,5,50,15,0.25,0.15,1.0,0.17
0.4098912282514205,0.1794477661331056,0.24338531649131945,0.07652528621211264,50,p1_T15,D,28,5,50,15,0.25,0.15,1.0,0.13
0.4112882005353219,0.1820532865578688,0.2504963783770199,0.08148594665409856,50,p1_T15,D,29,5,50,15,0.25,0.15,1.0,0.14
0.44110673927316796,0.18011175650560227,0.2796357800818493,0.10306861362814825,50,p1_T15,D,30,5,50,15,0.25,0.15,1.0,0.12
0.43601023349240525,0.21670283713074517,0.24396280427974656,0.07804397758663148,50,p1_T15,D,31,5,50,15,0.25,0.15,1.0,0.13
0.43290892096712974,0.13797386392648378,0.2713248175990734,0.09714034027045523,50,p1_T15,D,32,5,50,15,0.25,0.15,1.0,0.11
0.409986746741322,0.18352966056867712,0.25633561205149125,0.08605627772297944,50,p1_T15,D,33,5,50,15,0.25,0.15,1.0,0.13
0.4248507818442655,0.178461073398987,0.2780247699715838,0.10149946202893735,50,p1_T15,D,34,5,50,15,0.25,0.15,1.0,0.1
0.44030657721949207,0.16223319031455927,0.2760124690826232,0.09998325055794462,50,p1_T15,D,35,5,50,15,0.25,0.15,1.0,0.07
0.44286622643166745,0.14508095147744055,0.2938208276351728,0.11231030579326305,50,p1_T15,D,36,5,50,15,0.25,0.15,1.0,0.12
0.3898721480082208,0.12778498931246465,0.2479665815885633,0.07975862795402339,50,p1_T15,D,37,5,50,15,0.25,0.15,1.0,0.13
0.4465649925627384,0.1345087955480402,0.31064963817944247,0.12568736821904855,50,p1_T15,D,38,5,50,15,0.25,0.15,1.0,0.1
0.41429185925855144,0.1543490216596649,0.2670789536037954,0.09304810564961757,50,p1_T15,D,39,5,50,15,0.25,0.15,1.0,0.14
0.4559554678614475,0.23863582129953734,0.2621345546077495,0.0898947130632418,50,p1_T15,D,40,5,50,15,0.25,0.15,1.0,0.15
0.4818640395857595,0.21631127663829391,0.3345343649710787,0.1438910763605352,50,p1_T15,D,41,5,50,15,0.25,0.15,1.0,0.13
0.42887566151791595,0.17822142338832478,0.2370804174115292,0.07286809571164878,50,p1_T15,D,42,5,50,15,0.25,0.15,1.0,0.11
0.40857828922703066,0.15926779663282406,0.2503570078263815,0.08132687454325765,50,p1_T15,D,43,5,50,15,0.25,0.15,1.0,0.1
0.431995851858647,0.18287533408028428,0.27187343974255984,0.09607980591720501,50,p1_T15,D,44,5,50,15,0.25,0.15,1.0,0.14
0.4249192590163058,0.11392911281637516,0.28851400165146535,0.10877587335063041,50,p1_T15,D,45,5,50,15,0.25,0.15,1.0,0.1
0.522316283955503,0.28333265759462634,0.2750064855774162,0.09831633707598263,50,p1_T15,D,46,5,50,15,0.25,0.15,1.0,0.14
0.43806472128704144,0.16347173909408386,0.3273124518873859,0.13868283436379417,50,p1_T15,D,47,5,50,15,0.25,0.15,1.0,0.15
0.42769886807957247,0.18528220647064078,0.26887551953605887,0.09395004753214597,50,p1_T15,D,48,5,50,15,0.25,0.15,1.0,0.12
0.4025269351807064,0.1734060733840829,0.23967827970731714,0.07448521501095585,50,p1_T15,D,49,5,50,15,0.25,0.15,1.0,0.16
0.2316624711975283,0.042021398600888916,0.17252288631767337,0.052115539108963944,50,p1_T25,A,0,5,50,25,0.25,0.15,1.0,0.0
0.23641504236319638,0.037384508561549776,0.16931932978220218,0.04944614899213326,50,p1_T25,A,1,5,50,25,0.25,0.15,1.0,0.0
0.23916909452578852,0.04954272501685823,0.16788193495728707,0.048891615997606865,50,p1_T25,A,2,5,50,25,0.25,0.15,1.0,0.0
0.2289821690008177,0.0346558561098088,0.17194975430471857,0.05077513077875427,50,p1_T25,A,3,5,50,25,0.25,0.15,1.0,0.0
0.2327126870630164,0.04910054377761629,0.167877713605599,0.04874688575436112,50,p1_T25,A,4,5,50,25,0.25,0.15,1.0,0.0
0.22832821195482345,0.0283159878419482,0.16914775192259812,0.0497874915280871,50,p1_T25,A,5,5,50,25,0.25,0.15,1.0,0.0
0.23838249906571674,0.051219808169410415,0.16761027156648808,0.048969327619984494,50,p1_T25,A,6,5,50,25,0.25,0.15,1.0,0.0
0.23823595030442807,0.0544054370464275,0.1684515410800722,0.049179109669565464,50,p1_T25,A,7,5,50,25,0.25,0.15,1.0,0.0
0.23175909592802785,0.03857740616448693,0.16872369580688848,0.05000839188332392,50,p1_T25,A,8,5,50,25,0.25,0.15,1.0,0.0
0.23630652248839687,0.04290648470050324,0.1665091561046097,0.04824752810051779,50,p1_T25,A,9,5,50,25,0.25,0.15,1.0,0.0
0.23541275840902792,0.05217656475903123,0.16730785339426263,0.04873345057572828,50,p1_T25,A,10,5,50,25,0.25,0.15,1.0,0.0
0.23885126857546407,0.063726616398889,0.16791783956829706,0.04884991092688899,50,p1_T25,A,11,5,50,25,0.25,0.15,1.0,0.0
0.2295296726522268,0.02584132920388549,0.16780887751913268,0.04899187169609448,50,p1_T25,A,12,5,50,25,0.25,0.15,1.0,0.0
0.23011606132185503,0.026432200607712356,0.16620210423090984,0.04706089455368624,50,p1_T25,A,13,5,50,25,0.25,0.15,1.0,0.0
0.22460443949682893,0.02696655072692307,0.1661895968320015,0.0480461195697844,50,p1_T25,A,14,5,50,25,0.25,0.15,1.0,0.0
0.22911622563575,0.0390117717491872,0.1695820876628241,0.05051722665862056,50,p1_T25,A,15,5,50,25,0.25,0.15,1.0,0.0
0.22969083156789183,0.03600103498910809,0.1685985842075426,0.04968984399081131,50,p1_T25,A,16,5,50,25,0.25,0.15,1.0,0.0
0.2306314271221673,0.04679139356381924,0.16734401035117646,0.04831582500949039,50,p1_T25,A,17,5,50,25,0.25,0.15,1.0,0.0
0.23945363426292093,0.04903874303439455,0.16624867019852343,0.047896491684808806,50,p1_T25,A,18,5,50,25,0.25,0.15,1.0,0.0
0.23365284881432521,0.043904141916210386,0.1704999972951439,0.05029045937213742,50,p1_T25,A,19,5,50,25,0.25,0.15,1.0,0.0
0.22502475009874118,0.013390470177746649,0.1696229798020994,0.05021726997606396,50,p1_T25,A,20,5,50,25,0.25,0.15,1.0,0.0
0.22312680771994625,0.01956415684154863,0.16698053041496216,0.04808660581722718,50,p1_T25,A,21,5,50,25,0.25,0.15,1.0,0.0
0.22511106067899636,0.03460581772018122,0.1698842912143694,0.050378645904106206,50,p1_T25,A,22,5,50,25,0.25,0.15,1.0,0.0
0.23183909125337201,0.025176668139784822,0.16810341722950453,0.04942341941894025,50,p1_T25,A,23,5,50,25,0.25,0.15,1.0,0.0
0.23049518303173078,0.04018084369489739,0.16788421549225216,0.04905228950868702,50,p1_T25,A,24,5,50,25,0.25,0.15,1.0,0.0
0.24642542936259704,0.0660730618366123,0.16958997281782137,0.05026703944040911,50,p1_T25,A,25,5,50,25,0.25,0.15,1.0,0.0
0.22819808482266168,0.03361513999251539,0.1666725138847852,0.04799625750664268,50,p1_T25,A,26,5,50,25,0.25,0.15,1.0,0.0
0.25329434222111763,0.08641590354967876,0.16934579135649927,0.049684806873594035,50,p1_T25,A,27,5,50,25,0.25,0.15,1.0,0.0
0.22597911790294867,0.03143336113140806,0.17107308518558675,0.05076601734485618,50,p1_T25,A,28,5,50,25,0.25,0.15,1.0,0.0
0.23771772720425155,0.05673140251932203,0.16639459130178666,0.04819866723872742,50,p1_T25,A,29,5,50,25,0.25,0.15,1.0,0.0
0.2328282842308912,0.049260741990037694,0.16915812721004547,0.04943277764415235,50,p1_T25,A,30,5,50,25,0.25,0.15,1.0,0.0
0.2220146813323268,0.026234085386144596,0.16554527554523318,0.04787220191917612,50,p1_T25,A,31,5,50,25,0.25,0.15,1.0,0.0
0.23405040577474032,0.0369091190522369,0.1677825316062757,0.048410564315412054,50,p1_T25,A,32,5,50,25,0.25,0.15,1.0,0.0
0.22865825051045988,0.043062166094949575,0.16922630831736804,0.049900582301733644,50,p1_T25,A,33,5,50,25,0.25,0.15,1.0,0.0
0.23515800550990718,0.0445967513616885,0.17032196339478328,0.050323093456513916,50,p1_T25,A,34,5,50,25,0.25,0.15,1.0,0.0
0.2369942733225491,0.05177202720193583,0.16609060741541562,0.04772098563727659,50,p1_T25,A,35,5,50,25,0.25,0.15,1.0,0.0
0.2297275263390255,0.03171650890255872,0.16829944785716888,0.04904630060017395,50,p1_T25,A,36,5,50,25,0.25,0.15,1.0,0.0
0.24415040388308068,0.06280180345435803,0.1692351862222397,0.04998701805303609,50,p1_T25,A,37,5,50,25,0.25,0.15,1.0,0.0
0.2357103675660397,0.04764933218479509,0.16917752811576106,0.04962396467821427,50,p1_T25,A,38,5,50,25,0.25,0.15,1.0,0.0
0.23698841349405725,0.04513388735336439,0.16943773551731178,0.04945990277082465,50,p1_T25,A,39,5,50,25,0.25,0.15,1.0,0.0
0.22692317184655128,0.03055936565458464,0.16983165515899604,0.050107687562383554,50,p1_T25,A,40,5,50,25,0.25,0.15,1.0,0.0
0.23544609921381862,0.044662801775575536,0.16882617343606837,0.04993367642941054,50,p1_T25,A,41,5,50,25,0.25,0.15,1.0,0.0
0.24064228184435543,0.05260851703936481,0.16707315522633634,0.04845074137442673,50,p1_T25,A,42,5,50,25,0.25,0.15,1.0,0.0
0.23942174179747366,0.051782911962290276,0.16619599161483323,0.04818278924623027,50,p1_T25,A,43,5,50,25,0.25,0.15,1.0,0.0
0.2338167348248071,0.046501908780573385,0.16835819811517305,0.04945248218411908,50,p1_T25,A,44,5,50,25,0.25,0.15,1.0,0.0
0.23404735416730169,0.055225926849164476,0.17018020840725623,0.0500580800874033,50,p1_T25,A,45,5,50,25,0.25,0.15,1.0,0.0
0.231913736309688,0.04819291867501224,0.16817875947773608,0.04884926804713877,50,p1_T25,A,46,5,50,25,0.25,0.15,1.0,0.0
0.22150347926841424,0.01772120138111116,0.16681202587180183,0.04911959672276136,50,p1_T25,A,47,5,50,25,0.25,0.15,1.0,0.0
0.2475523762252833,0.06598898015215124,0.16839558850897512,0.0497279078487734,50,p1_T25,A,48,5,50,25,0.25,0.15,1.0,0.0
0.24160615168034172,0.056849379710017585,0.16383506966277503,0.045989786234782136,50,p1_T25,A,49,5,50,25,0.25,0.15,1.0,0.0
0.2972572969316264,0.1919838942660514,0.16620275855631175,0.048118675392632204,50,p1_T25,B,0,5,50,25,0.25,0.15,1.0,0.15
0.2850661546172064,0.1651391719654474,0.1688347002924236,0.04913955447781676,50,p1_T25,B,1,5,50,25,0.25,0.15,1.0,0.12
0.29407033048561626,0.1824115049608686,0.16791539403069558,0.048802303046191445,50,p1_T25,B,2,5,50,25,0.25,0.15,1.0,0.14
0.28135675859057874,0.15102838955779668,0.16879956304634255,0.049806587486111525,50,p1_T25,B,3,5,50,25,0.25,0.15,1.0,0.13
0.29444195883271645,0.16565358720235454,0.16839428728300557,0.04876735106529239,50,p1_T25,B,4,5,50,25,0.25,0.15,1.0,0.15
0.29370844191598455,0.17393094188049335,0.16811189352440153,0.049314637899638705,50,p1_T25,B,5,5,50,25,0.25,0.15,1.0,0.15
0.287579252425328,0.16602686286127671,0.1698862901301011,0.04940133306496572,50,p1_T25,B,6,5,50,25,0.25,0.15,1.0,0.13
0.3072075304973507,0.16788251084654832,0.16869086204177283,0.04993058108665857,50,p1_T25,B,7,5,50,25,0.25,0.15,1.0,0.14
0.278904981666437,0.14618331116226238,0.16752070803889743,0.049112035363458616,50,p1_T25,B,8,5,50,25,0.25,0.15,1.0,0.1
0.30276935291899376,0.18309445765654364,0.16862026815377812,0.04957181720668643,50,p1_T25,B,9,5,50,25,0.25,0.15,1.0,0.14
0.2788481167697801,0.1433545455293189,0.16828195477484467,0.04896118256195151,50,p1_T25,B,10,5,50,25,0.25,0.15,1.0,0.11
0.29529147667347205,0.17824472479522208,0.16911719279370263,0.04939024065780657,50,p1_T25,B,11,5,50,25,0.25,0.15,1.0,0.14
0.2845794274350248,0.15661553892740293,0.16974010660352443,0.04952008322610714,50,p1_T25,B,12,5,50,25,0.25,0.15,1.0,0.12
0.27477509571847064,0.1377498766685771,0.16765622733169472,0.048742343399893216,50,p1_T25,B,13,5,50,25,0.25,0.15,1.0,0.11
0.28087565709004364,0.14957198292606438,0.16750413719812754,0.04857854411571918,50,p1_T25,B,14,5,50,25,0.25,0.15,1.0,0.12
0.2733202636647384,0.15064431445940338,0.16591140647159258,0.04787777382329837,50,p1_T25,B,15,5,50,25,0.25,0.15,1.0,0.13
0.2711585601743502,0.1321631492476591,0.1693297898015085,0.04952457468522843,50,p1_T25,B,16,5,50,25,0.25,0.15,1.0,0.1
0.28364860251401597,0.14231165999923204,0.16921200353318247,0.050177095446119195,50,p1_T25,B,17,5,50,25,0.25,0.15,1.0,0.11
0.30074007199769687,0.15565064258739666,0.16922535044460382,0.05017306975874955,50,p1_T25,B,18,5,50,25,0.25,0.15,1.0,0.12
0.27110261520084755,0.13380028741947197,0.166417226224793,0.04796665559892978,50,p1_T25,B,19,5,50,25,0.25,0.15,1.0,0.12
0.3110050236386997,0.19319782189143825,0.1687635375240211,0.04948193188614666,50,p1_T25,B,20,5,50,25,0.25,0.15,1.0,0.16
0.2888544736124454,0.16036124816931013,0.16919809329652805,0.05003226880289955,50,p1_T25,B,21,5,50,25,0.25,0.15,1.0,0.14
0.26791664396975307,0.11118733622155295,0.1677369378604702,0.049169884562347436,50,p1_T25,B,22,5,50,25,0.25,0.15,1.0,0.09
0.2763831831464751,0.13652262107930258,0.168622592204792,0.04958685543538754,50,p1_T25,B,23,5,50,25,0.25,0.15,1.0,0.11
0.270957418517335,0.13377995076029428,0.16818747950948507,0.04994333889872214,50,p1_T25,B,24,5,50,25,0.25,0.15,1.0,0.12
0.29230788366752264,0.16683402691046886,0.16983503875101866,0.04975913329250876,50,p1_T25,B,25,5,50,25,0.25,0.15,1.0,0.15
0.3121882371027628,0.20115088284643942,0.16960465310553968,0.05047817803717526,50,p1_T25,B,26,5,50,25,0.25,0.15,1.0,0.16
0.2729232650249684,0.14107596865198116,0.16793208727822576,0.04935215180845115,50,p1_T25,B,27,5,50,25,0.25,0.15,1.0,0.13
0.29163950909469877,0.15643615592936239,0.16542702274400223,0.04715932279248757,50,p1_T25,B,28,5,50,25,0.25,0.15,1.0,0.15
0.29334611032765434,0.17737315992216338,0.16755921926288725,0.04902478432892215,50,p1_T25,B,29,5,50,25,0.25,0.15,1.0,0.14
0.29159386236322976,0.17545009442650117,0.16919399468624619,0.04927588491896933,50,p1_T25,B,30,5,50,25,0.25,0.15,1.0,0.14
0.2867022149647994,0.16198727110987574,0.1680418784056529,0.04940719989720719,50,p1_T25,B,31,5,50,25,0.25,0.15,1.0,0.12
0.27819040715289733,0.14173375171842698,0.16903465019436195,0.050092262532818524,50,p1_T25,B,32,5,50,25,0.25,0.15,1.0,0.11
0.30082661344929446,0.1841924081387002,0.16830460373535217,0.049649462665948045,50,p1_T25,B,33,5,50,25,0.25,0.15,1.0,0.14
0.3007793108059202,0.19088140404293574,0.16792781211430582,0.048905109457048186,50,p1_T25,B,34,5,50,25,0.25,0.15,1.0,0.14
0.29188866446213757,0.17492663994153498,0.16754040855188068,0.04864484848865614,50,p1_T25,B,35,5,50,25,0.25,0.15,1.0,0.12
0.26980291735596695,0.1258264414184392,0.16963168524350075,0.05005145495713055,50,p1_T25,B,36,5,50,25,0.25,0.15,1.0,0.11
0.2706276197903052,0.12330101819288307,0.169193795951631,0.04957749815604546,50,p1_T25,B,37,5,50,25,0.25,0.15,1.0,0.11
0.32188630943678626,0.20264295034625704,0.17025299054884865,0.05022249878336314,50,p1_T25,B,38,5,50,25,0.25,0.15,1.0,0.16
0.28928644387086067,0.16904816843271786,0.1672209466321151,0.049010214459931346,50,p1_T25,B,39,5,50,25,0.25,0.15,1.0,0.12
0.263841632297825,0.1271473507579864,0.1641880252441418,0.04593694068850355,50,p1_T25,B,40,5,50,25,0.25,0.15,1.0,0.1
0.29828143525701434,0.17437052455500268,0.16744803008334389,0.048519124307847425,50,p1_T25,B,41,5,50,25,0.25,0.15,1.0,0.12
0.2685874486869475,0.13959123975466203,0.16881919384266098,0.04959163719869213,50,p1_T25,B,42,5,50,25,0.25,0.15,1.0,0.12
0.2796946811146493,0.14902892700575424,0.16520941370750378,0.047298901549666976,50,p1_T25,B,43,5,50,25,0.25,0.15,1.0,0.13
0.30975721583251126,0.20224887532430094,0.16608716485071934,0.04782751915870159,50,p1_T25,B,44,5,50,25,0.25,0.15,1.0,0.16
0.284200534929757,0.15253455664580845,0.1723676088121104,0.051875686700450334,50,p1_T25,B,45,5,50,25,0.25,0.15,1.0,0.11
0.28498431069699043,0.16489215808749302,0.16832798181596398,0.04929546558541559,50,p1_T25,B,46,5,50,25,0.25,0.15,1.0,0.13
0.29107529432818846,0.13719999067163854,0.16675496926745928,0.04853604994459285,50,p1_T25,B,47,5,50,25,0.25,0.15,1.0,0.12
0.3300960589189493,0.2324233929135928,0.16849072307308133,0.04976452925674306,50,p1_T25,B,48,5,50,25,0.25,0.15,1.0,0.17
0.2916205522479877,0.18587917059072187,0.16843298748299299,0.04910609347808437,50,p1_T25,B,49,5,50,25,0.25,0.15,1.0,0.16
0.27702571136177445,0.054755520480735065,0.2750841531816136,0.13053637929212233,50,p1_T25,C,0,5,50,25,0.25,0.15,1.0,0.0
0.25020330420863895,0.03332868042611379,0.28466495995146796,0.13824230177061891,50,p1_T25,C,1,5,50,25,0.25,0.15,1.0,0.0
0.2811776463948995,0.10809641783085627,0.2326652158738392,0.09646860834993722,50,p1_T25,C,2,5,50,25,0.25,0.15,1.0,0.0
0.27345062428752653,0.06429168281848889,0.2610583715748529,0.11785941145780315,50,p1_T25,C,3,5,50,25,0.25,0.15,1.0,0.0
0.3027551803596572,0.04059718356133894,0.38206040927287394,0.22117629441110434,50,p1_T25,C,4,5,50,25,0.25,0.15,1.0,0.0
0.28926640003779164,0.0670305827939035,0.2820321192481136,0.1348168912402755,50,p1_T25,C,5,5,50,25,0.25,0.15,1.0,0.0
0.2888061615718435,0.0736244403181728,0.2906599957374977,0.14378641006452406,50,p1_T25,C,6,5,50,25,0.25,0.15,1.0,0.0
0.2787881010779374,0.044614243078401304,0.3432201896089763,0.18716367966019476,50,p1_T25,C,7,5,50,25,0.25,0.15,1.0,0.0
0.24953238652606505,0.041467244258495926,0.22149704308196025,0.08798432223144251,50,p1_T25,C,8,5,50,25,0.25,0.15,1.0,0.0
0.2704375529693501,0.055785219731790354,0.2700788839506009,0.1262320604148776,50,p1_T25,C,9,5,50,25,0.25,0.15,1.0,0.0
0.2608717188276011,0.03141225141166137,0.29568242952230267,0.14554191999118912,50,p1_T25,C,10,5,50,25,0.25,0.15,1.0,0.0
0.2876617534572381,0.059367369644139446,0.29346044998700893,0.14484407852472136,50,p1_T25,C,11,5,50,25,0.25,0.15,1.0,0.0
0.26277288241337815,0.035603999744745735,0.27815891125128867,0.13268618069751215,50,p1_T25,C,12,5,50,25,0.25,0.15,1.0,0.0
0.2709087059241072,0.047976991935757524,0.3000843925196763,0.1502041789080638,50,p1_T25,C,13,5,50,25,0.25,0.15,1.0,0.0
0.30704242874692417,0.09939941123509506,0.34752814228817,0.19051161601466962,50,p1_T25,C,14,5,50,25,0.25,0.15,1.0,0.0
0.272629174528862,0.039709206868733346,0.32123668444411535,0.1678851108740771,50,p1_T25,C,15,5,50,25,0.25,0.15,1.0,0.0
0.2709194452674434,0.0559338590371198,0.271691315773212,0.12674268616064632,50,p1_T25,C,16,5,50,25,0.25,0.15,1.0,0.0
0.2708386644023997,0.07234234610551597,0.2570712882278038,0.11582880316600996,50,p1_T25,C,17,5,50,25,0.25,0.15,1.0,0.0
0.2669733820112209,0.049366366969435235,0.30842041818921034,0.15767621695153544,50,p1_T25,C,18,5,50,25,0.25,0.15,1.0,0.0
0.2636454648342247,0.06498542499109625,0.23476284793620128,0.09800557444608667,50,p1_T25,C,19,5,50,25,0.25,0.15,1.0,0.0
0.2730445613084981,0.025061322026243765,0.3598613835772059,0.20102615916617791,50,p1_T25,C,20,5,50,25,0.25,0.15,1.0,0.0
0.285232040444962,0.07619978110278396,0.3005998559916031,0.1508129053965307,50,p1_T25,C,21,5,50,25,0.25,0.15,1.0,0.0
0.2798788854898785,0.06856960924477809,0.30078705586065796,0.15080799002995832,50,p1_T25,C,22,5,50,25,0.25,0.15,1.0,0.0
0.25447955896514995,0.035101752261094694,0.29114379013584174,0.14416181547485196,50,p1_T25,C,23,5,50,25,0.25,0.15,1.0,0.0
0.2805379220772775,0.04986539298181209,0.30819257092460944,0.15815986632680343,50,p1_T25,C,24,5,50,25,0.25,0.15,1.0,0.0
0.28903865859234484,0.0899793065106602,0.2895297782782247,0.14042691575426702,50,p1_T25,C,25,5,50,25,0.25,0.15,1.0,0.0
0.2657456137575058,0.07119872092060131,0.22577785110431386,0.0915149016445097,50,p1_T25,C,26,5,50,25,0.25,0.15,1.0,0.0
0.2670590339519765,0.04587070396965929,0.31552629414086464,0.16449037122158747,50,p1_T25,C,27,5,50,25,0.25,0.15,1.0,0.0
0.25012797192891884,0.01300717954064657,0.26627189190115397,0.12425697744487936,50,p1_T25,C,28,5,50,25,0.25,0.15,1.0,0.0
0.2914027794753131,0.07838601174296315,0.31193907039882635,0.1585696408114507,50,p1_T25,C,29,5,50,25,0.25,0.15,1.0,0.0
0.28233526997609637,0.04209948772889731,0.36914441238946805,0.20984556938844234,50,p1_T25,C,30,5,50,25,0.25,0.15,1.0,0.0
0.28175040416947533,0.061719434974064916,0.32545927229167565,0.1721102286544157,50,p1_T25,C,31,5,50,25,0.25,0.15,1.0,0.0
0.27396690700272147,0.06234008132915291,0.277638319652585,0.13230425867523893,50,p1_T25,C,32,5,50,25,0.25,0.15,1.0,0.0
0.25855450340838615,0.036099463591234206,0.2829355617620595,0.13604020368390285,50,p1_T25,C,33,5,50,25,0.25,0.15,1.0,0.0
0.2621238812347253,0.04475446878224818,0.25789837853385067,0.11630311810126423,50,p1_T25,C,34,5,50,25,0.25,0.15,1.0,0.0
0.279157042286366,0.05564761546107318,0.2798558947387052,0.13380107863636156,50,p1_T25,C,35,5,50,25,0.25,0.15,1.0,0.0
0.2990737328866287,0.0790586478885411,0.3038224157052311,0.1547548607415768,50,p1_T25,C,36,5,50,25,0.25,0.15,1.0,0.0
0.2906841476617746,0.05548475629901023,0.3246639454151879,0.17069477803091976,50,p1_T25,C,37,5,50,25,0.25,0.15,1.0,0.0
0.2954104559725718,0.07725317189715919,0.3330526455822697,0.17973431279695778,50,p1_T25,C,38,5,50,25,0.25,0.15,1.0,0.0
0.28556215117420736,0.07360541587648319,0.30118940188253773,0.15126894209366334,50,p1_T25,C,39,5,50,25,0.25,0.15,1.0,0.0
0.2628224876389477,0.07109860494561168,0.23453293587972837,0.09827681970570304,50,p1_T25,C,40,5,50,25,0.25,0.15,1.0,0.0
0.26062698943988016,0.07271536680861035,0.24039983069374857,0.10228523733623783,50,p1_T25,C,41,5,50,25,0.25,0.15,1.0,0.0
0.3010691274878111,0.10550873419752536,0.29892668610493645,0.14880234149073276,50,p1_T25,C,42,5,50,25,0.25,0.15,1.0,0.0
0.2959634818404644,0.054594473846549384,0.36183801859678194,0.20379652612289273,50,p1_T25,C,43,5,50,25,0.25,0.15,1.0,0.0
0.29611000439335816,0.023079347535668294,0.36478974642384787,0.20781645111364994,50,p1_T25,C,44,5,50,25,0.25,0.15,1.0,0.0
0.2964276306907585,0.0778355321487488,0.3048528605810698,0.15418142826051948,50,p1_T25,C,45,5,50,25,0.25,0.15,1.0,0.0
0.27168232312511637,0.053025356885780826,0.27027745837320183,0.1264028861065457,50,p1_T25,C,46,5,50,25,0.25,0.15,1.0,0.0
0.2493689737030422,0.04598511083870805,0.22903881056623324,0.09444426984408799,50,p1_T25,C,47,5,50,25,0.25,0.15,1.0,0.0
0.3155286793158944,0.11200976008424668,0.35219437729818354,0.19466123611128944,50,p1_T25,C,48,5,50,25,0.25,0.15,1.0,0.0
0.27509955618314647,0.06994497890465765,0.2711099821463962,0.1277717367665763,50,p1_T25,C,49,5,50,25,0.25,0.15,1.0,0.0
0.30828581183423304,0.15278370520799164,0.2720056873161803,0.1265131583948556,50,p1_T25,D,0,5,50,25,0.25,0.15,1.0,0.1
0.33591290131120144,0.21595709353812903,0.2861573302818532,0.13947349007892904,50,p1_T25,D,1,5,50,25,0.25,0.15,1.0,0.15
0.3064757323661947,0.1772803693372572,0.23701768436345427,0.0997950853386933,50,p1_T25,D,2,5,50,25,0.25,0.15,1.0,0.13
0.3129797998388552,0.16689645737234765,0.28291444077690775,0.13624366626120418,50,p1_T25,D,3,5,50,25,0.25,0.15,1.0,0.15
0.3244706838564342,0.16901115507526426,0.33773966743479045,0.18251713498846955,50,p1_T25,D,4,5,50,25,0.25,0.15,1.0,0.11
0.33375828702178467,0.18733747232594855,0.3438760334643018,0.1865190614973955,50,p1_T25,D,5,5,50,25,0.25,0.15,1.0,0.14
0.33417880974865866,0.19512947143566234,0.27434523857718834,0.1290013453188421,50,p1_T25,D,6,5,50,25,0.25,0.15,1.0,0.14
0.30205349868048975,0.13696757871937096,0.3142736544832251,0.1625637365643422,50,p1_T25,D,7,5,50,25,0.25,0.15,1.0,0.12
0.28544770417939747,0.11079083637947958,0.2685457015436517,0.12561768758428754,50,p1_T25,D,8,5,50,25,0.25,0.15,1.0,0.11
0.2984246019619709,0.11290701170625347,0.2774837159381576,0.13219832082310048,50,p1_T25,D,9,5,50,25,0.25,0.15,1.0,0.08
0.28518373744712483,0.1470905622012147,0.2346191509409706,0.0987230938807397,50,p1_T25,D,10,5,50,25,0.25,0.15,1.0,0.14
0.3372054657329388,0.2120010693272524,0.2674729567104685,0.12367839052274075,50,p1_T25,D,11,5,50,25,0.25,0.15,1.0,0.14
0.2883465972793611,0.14451462614637722,0.22474310256470628,0.08953537106554448,50,p1_T25,D,12,5,50,25,0.25,0.15,1.0,0.09
0.3001384950791679,0.11949411595622815,0.38664139622339827,0.22577815232045945,50,p1_T25,D,13,5,50,25,0.25,0.15,1.0,0.13
0.3139847645008013,0.1806940054953299,0.2586293942581147,0.11705877033461094,50,p1_T25,D,14,5,50,25,0.25,0.15,1.0,0.14
0.3227247792120388,0.19299817300801858,0.25465418164902126,0.11445708278929526,50,p1_T25,D,15,5,50,25,0.25,0.15,1.0,0.16
0.2952462447000573,0.16072822551148255,0.2665377533669409,0.12375727182534342,50,p1_T25,D,16,5,50,25,0.25,0.15,1.0,0.15
0.2975156455587092,0.10108364927286717,0.3293850726558824,0.17494589869727126,50,p1_T25,D,17,5,50,25,0.25,0.15,1.0,0.07
0.31824588039982893,0.16531966400539438,0.29237059702543616,0.14411294542056138,50,p1_T25,D,18,5,50,25,0.25,0.15,1.0,0.14
0.30430873905379735,0.1526246544910725,0.30438582731942765,0.15296205273171418,50,p1_T25,D,19,5,50,25,0.25,0.15,1.0,0.12
0.30101452071612955,0.1473722206424274,0.2878342083904623,0.13956703197810796,50,p1_T25,D,20,5,50,25,0.25,0.15,1.0,0.13
0.32802182969992616,0.1914309106679623,0.3271745724311902,0.17321134315726058,50,p1_T25,D,21,5,50,25,0.25,0.15,1.0,0.17
0.2977173691282626,0.15033890939160421,0.26438515668386164,0.12296088153583225,50,p1_T25,D,22,5,50,25,0.25,0.15,1.0,0.12
0.34526203670571165,0.16809475242164784,0.40347605006143966,0.24104346644691105,50,p1_T25,D,23,5,50,25,0.25,0.15,1.0,0.16
0.31882882700681386,0.15764716706596313,0.3199052087671393,0.16674753417549062,50,p1_T25,D,24,5,50,25,0.25,0.15,1.0,0.14
0.32155618887785353,0.1821732736384089,0.2817184975506239,0.13518218380812222,50,p1_T25,D,25,5,50,25,0.25,0.15,1.0,0.13
0.30171520003936353,0.16238717540627892,0.25765282678531404,0.1157497359124102,50,p1_T25,D,26,5,50,25,0.25,0.15,1.0,0.14
0.3187646166812433,0.19900732260777917,0.2505386031347302,0.10952542188126047,50,p1_T25,D,27,5,50,25,0.25,0.15,1.0,0.17
0.3016631188929814,0.17591771681542553,0.23136315602307236,0.09582438968316727,50,p1_T25,D,28,5,50,25,0.25,0.15,1.0,0.13
0.302981805684408,0.16873376078318392,0.2512246971385242,0.1107171525961751,50,p1_T25,D,29,5,50,25,0.25,0.15,1.0,0.14
0.32024673241190144,0.1731299780053443,0.28007632610259414,0.135857786799124,50,p1_T25,D,30,5,50,25,0.25,0.15,1.0,0.12
0.29750062910120795,0.14615633386194726,0.2563857765217501,0.1143972452569859,50,p1_T25,D,31,5,50,25,0.25,0.15,1.0,0.13
0.31013457137184863,0.14380196559915692,0.30253276420825226,0.1522420148383474,50,p1_T25,D,32,5,50,25,0.25,0.15,1.0,0.11
0.29732050066067794,0.1659652808231095,0.23865268174670515,0.10194560206575409,50,p1_T25,D,33,5,50,25,0.25,0.15,1.0,0.13
0.2997808158873182,0.15590207841692072,0.2591084806223632,0.11793004631284601,50,p1_T25,D,34,5,50,25,0.25,0.15,1.0,0.1
0.3084957032091247,0.14186993081803098,0.2794328125701513,0.13301125293670785,50,p1_T25,D,35,5,50,25,0.25,0.15,1.0,0.07
0.3070364879114982,0.132918020574541,0.3540795079822188,0.1958832260831698,50,p1_T25,D,36,5,50,25,0.25,0.15,1.0,0.12
0.3226380962646588,0.1864065852943629,0.24345564887288418,0.10457833064937894,50,p1_T25,D,37,5,50,25,0.25,0.15,1.0,0.13
0.30835445022192665,0.12742892135693723,0.367971662936821,0.20855972868851322,50,p1_T25,D,38,5,50,25,0.25,0.15,1.0,0.1
0.2922442079369016,0.1574899285584449,0.24090041376396995,0.10315338847476284,50,p1_T25,D,39,5,50,25,0.25,0.15,1.0,0.14
0.3084419930999584,0.18238594295609867,0.2788219431968716,0.1332326095988174,50,p1_T25,D,40,5,50,25,0.25,0.15,1.0,0.15
0.31040866116094923,0.1435596718591519,0.3377079106820157,0.1818518508266137,50,p1_T25,D,41,5,50,25,0.25,0.15,1.0,0.13
0.3008189145571215,0.151946172641596,0.2722726966133206,0.12723286136305254,50,p1_T25,D,42,5,50,25,0.25,0.15,1.0,0.11
0.3056576889316309,0.16150141373726587,0.2496676678767012,0.10945197360586921,50,p1_T25,D,43,5,50,25,0.25,0.15,1.0,0.1
0.3448903864159024,0.22513643999240937,0.23018097127945306,0.0943892812093134,50,p1_T25,D,44,5,50,25,0.25,0.15,1.0,0.14
0.3126569552495728,0.1461384259327088,0.33345049190405757,0.17965856838041278,50,p1_T25,D,45,5,50,25,0.25,0.15,1.0,0.1
0.3361119491482387,0.19110137398175084,0.3341926184632607,0.1784245308864659,50,p1_T25,D,46,5,50,25,0.25,0.15,1.0,0.14
0.3297370604038523,0.18595636421855768,0.3325458322775037,0.1774243773416652,50,p1_T25,D,47,5,50,25,0.25,0.15,1.0,0.15
0.3026126173803174,0.16150131723779218,0.2574913082430386,0.11586836351137304,50,p1_T25,D,48,5,50,25,0.25,0.15,1.0,0.12
0.3132688381302351,0.19395233808749934,0.26704666992741133,0.1230117700953915,50,p1_T25,D,49,5,50,25,0.25,0.15,1.0,0.16
0.1637131796786763,0.0194410450282201,0.13005682742722766,0.038473221510756404,50,p1_T40,A,0,5,50,40,0.25,0.15,1.0,0.0
0.1753078037229079,0.047265151634360236,0.1292306934596577,0.03769438208079608,50,p1_T40,A,1,5,50,40,0.25,0.15,1.0,0.0
0.17398799308670687,0.038761615210967736,0.12933412493155197,0.0385999122844393,50,p1_T40,A,2,5,50,40,0.25,0.15,1.0,0.0
0.1670787442583846,0.02654795847442443,0.13038743562990707,0.038694473640381755,50,p1_T40,A,3,5,50,40,0.25,0.15,1.0,0.0
0.16025511975032322,0.02102946872862431,0.1291430018702274,0.036999444310329026,50,p1_T40,A,4,5,50,40,0.25,0.15,1.0,0.0
0.16713062661405703,0.029824292695577865,0.129009115089437,0.03808725665905692,50,p1_T40,A,5,5,50,40,0.25,0.15,1.0,0.0
0.1793530095549696,0.054084839043427584,0.1280952617457732,0.037442672641066016,50,p1_T40,A,6,5,50,40,0.25,0.15,1.0,0.0
0.17405317408771243,0.04459082397509889,0.13103268125536893,0.03927202309932083,50,p1_T40,A,7,5,50,40,0.25,0.15,1.0,0.0
0.16175170739559028,0.01909000813620685,0.13122896017545507,0.03958104250742994,50,p1_T40,A,8,5,50,40,0.25,0.15,1.0,0.0
0.17647577664578165,0.04703198392511391,0.1292646900957307,0.038157172271395576,50,p1_T40,A,9,5,50,40,0.25,0.15,1.0,0.0
0.16927639462596428,0.034491366346724,0.13016408030539367,0.03754796104323544,50,p1_T40,A,10,5,50,40,0.25,0.15,1.0,0.0
0.1779081504630533,0.05047932635662244,0.13070065384691046,0.03898104182818955,50,p1_T40,A,11,5,50,40,0.25,0.15,1.0,0.0
0.16571679484848617,0.024105463949392343,0.1299850008822949,0.03839547899337344,50,p1_T40,A,12,5,50,40,0.25,0.15,1.0,0.0
0.16985643540042564,0.03712855035355738,0.13182316475229874,0.03999512071148677,50,p1_T40,A,13,5,50,40,0.25,0.15,1.0,0.0
0.17282317941171219,0.036407620913146324,0.12946127370921787,0.038552235558136215,50,p1_T40,A,14,5,50,40,0.25,0.15,1.0,0.0
0.1653328516807513,0.02892622301722579,0.12968308185047125,0.03794399545005406,50,p1_T40,A,15,5,50,40,0.25,0.15,1.0,0.0
0.17209187595928208,0.041068833690483884,0.12845949122885753,0.037660082359269986,50,p1_T40,A,16,5,50,40,0.25,0.15,1.0,0.0
0.17251179966139285,0.04024052069005191,0.1309323584666365,0.03905067079865727,50,p1_T40,A,17,5,50,40,0.25,0.15,1.0,0.0
0.17003329578693932,0.031221105187994532,0.1279990454464295,0.037822782768794576,50,p1_T40,A,18,5,50,40,0.25,0.15,1.0,0.0
0.16833691088715594,0.03613626650445586,0.1309945033576622,0.03898501090265118,50,p1_T40,A,19,5,50,40,0.25,0.15,1.0,0.0
0.16496107375241423,0.019771835353542485,0.1322941929887134,0.0404303551597473,50,p1_T40,A,20,5,50,40,0.25,0.15,1.0,0.0
0.17152521599427975,0.035973930875568313,0.12849683254102037,0.03699359900148561,50,p1_T40,A,21,5,50,40,0.25,0.15,1.0,0.0
0.15871848490263224,0.013474604688603469,0.13465393446027787,0.04206263088265356,50,p1_T40,A,22,5,50,40,0.25,0.15,1.0,0.0
0.16912959238954284,0.0265359696642531,0.130010828220978,0.038700362143311955,50,p1_T40,A,23,5,50,40,0.25,0.15,1.0,0.0
0.1638155275192652,0.01959655874985579,0.1295228980204472,0.03788792961690518,50,p1_T40,A,24,5,50,40,0.25,0.15,1.0,0.0
0.17285425963532827,0.03832687823215848,0.13015025810467223,0.03869806730475249,50,p1_T40,A,25,5,50,40,0.25,0.15,1.0,0.0
0.17677408340758902,0.04476572122356155,0.13132806232803743,0.038814495952771595,50,p1_T40,A,26,5,50,40,0.25,0.15,1.0,0.0
0.1735230782001135,0.03651755690652248,0.13071190538848948,0.03908548304620805,50,p1_T40,A,27,5,50,40,0.25,0.15,1.0,0.0
0.16731969906709157,0.019899185829138646,0.13061593610530386,0.039011577233830794,50,p1_T40,A,28,5,50,40,0.25,0.15,1.0,0.0
0.1684099621584149,0.032657815960123314,0.13103866058758182,0.03881399409167206,50,p1_T40,A,29,5,50,40,0.25,0.15,1.0,0.0
0.1696697617600058,0.04354674610443435,0.1298240904805097,0.038021929797660836,50,p1_T40,A,30,5,50,40,0.25,0.15,1.0,0.0
0.16469411236083928,0.02117747940144534,0.13101572617495236,0.03874573409642922,50,p1_T40,A,31,5,50,40,0.25,0.15,1.0,0.0
0.1696475032513604,0.03196079879880221,0.13062209263587868,0.03919432350964528,50,p1_T40,A,32,5,50,40,0.25,0.15,1.0,0.0
0.16526641835404368,0.02515307498707033,0.12890603201734951,0.037863715926193614,50,p1_T40,A,33,5,50,40,0.25,0.15,1.0,0.0
0.16644262058042983,0.02698943774662496,0.12938220193146005,0.03809441683624479,50,p1_T40,A,34,5,50,40,0.25,0.15,1.0,0.0
0.17050883360261945,0.033607349946398524,0.13061753512880311,0.03876650019654767,50,p1_T40,A,35,5,50,40,0.25,0.15,1.0,0.0
0.16835196596515928,0.032557703467191265,0.1305614710255437,0.038885475351219494,50,p1_T40,A,36,5,50,40,0.25,0.15,1.0,0.0
0.16903562962565455,0.024680123385006924,0.12832857869001923,0.03774477031534223,50,p1_T40,A,37,5,50,40,0.25,0.15,1.0,0.0
0.16915206761427093,0.02751533411563163,0.12911331394786724,0.03732382417886011,50,p1_T40,A,38,5,50,40,0.25,0.15,1.0,0.0
0.17044178824636824,0.03372826480926054,0.1303537796070099,0.03807118915152172,50,p1_T40,A,39,5,50,40,0.25,0.15,1.0,0.0
0.16816117707730224,0.024660779202924824,0.12839539105321818,0.037553808293250335,50,p1_T40,A,40,5,50,40,0.25,0.15,1.0,0.0
0.16997337141944982,0.03779355404670319,0.12827104566456005,0.037528987756087005,50,p1_T40,A,41,5,50,40,0.25,0.15,1.0,0.0
0.16475623033810055,0.025143673739815374,0.13113343228907884,0.03920520127088136,50,p1_T40,A,42,5,50,40,0.25,0.15,1.0,0.0
0.17346083180258645,0.04090348710922291,0.12926445758108027,0.03804674453291438,50,p1_T40,A,43,5,50,40,0.25,0.15,1.0,0.0
0.1669796206575933,0.02672901787296654,0.13111667213773992,0.0394552152185176,50,p1_T40,A,44,5,50,40,0.25,0.15,1.0,0.0
0.17538180394808595,0.038022013383762515,0.13079622134491348,0.038578064620495255,50,p1_T40,A,45,5,50,40,0.25,0.15,1.0,0.0
0.17005915026282878,0.035904399182614934,0.13160540409883678,0.040199236893556235,50,p1_T40,A,46,5,50,40,0.25,0.15,1.0,0.0
0.16869767661856563,0.03432733715074142,0.1292477164264964,0.03836127693385504,50,p1_T40,A,47,5,50,40,0.25,0.15,1.0,0.0
0.17215817809326744,0.03956798700646697,0.1304822250468424,0.03892938610014791,50,p1_T40,A,48,5,50,40,0.25,0.15,1.0,0.0
0.172987341360649,0.03467520054473961,0.12927702186747114,0.03833874365756867,50,p1_T40,A,49,5,50,40,0.25,0.15,1.0,0.0
0.25670019042635384,0.1697168293371947,0.1283083019630424,0.03707199100792282,50,p1_T40,B,0,5,50,40,0.25,0.15,1.0,0.15
0.2339088964930208,0.14949038657317337,0.13008447904650955,0.039050978350637935,50,p1_T40,B,1,5,50,40,0.25,0.15,1.0,0.12
0.2503297859508547,0.17234064962773826,0.13067480180291222,0.03911397588946178,50,p1_T40,B,2,5,50,40,0.25,0.15,1.0,0.14
0.22936506527936124,0.14147500397548318,0.13003783034247024,0.038699884757157334,50,p1_T40,B,3,5,50,40,0.25,0.15,1.0,0.13
0.24918140347924644,0.17385370918171403,0.1297392560392993,0.038342854462925326,50,p1_T40,B,4,5,50,40,0.25,0.15,1.0,0.15
0.24667460878838232,0.1754927984941757,0.12887912585555966,0.03880962667664895,50,p1_T40,B,5,5,50,40,0.25,0.15,1.0,0.15
0.259708110423818,0.1736980056834766,0.12958928519943652,0.03775302883694163,50,p1_T40,B,6,5,50,40,0.25,0.15,1.0,0.13
0.2472311845850539,0.15908944505874525,0.13165127013676087,0.039353262152442156,50,p1_T40,B,7,5,50,40,0.25,0.15,1.0,0.14
0.2284375214312587,0.128099597565443,0.12993005448928188,0.0372811677886949,50,p1_T40,B,8,5,50,40,0.25,0.15,1.0,0.1
0.23788701256332215,0.15360330345236545,0.13042644950999374,0.03829851086471558,50,p1_T40,B,9,5,50,40,0.25,0.15,1.0,0.14
0.2192546879219234,0.12240031791412816,0.13012314965911542,0.03851899692854984,50,p1_T40,B,10,5,50,40,0.25,0.15,1.0,0.11
0.24954192982618334,0.16462744342602928,0.129480823660585,0.03837595435600888,50,p1_T40,B,11,5,50,40,0.25,0.15,1.0,0.14
0.23577513626624053,0.14682867685318843,0.12933569589477972,0.038220212931317714,50,p1_T40,B,12,5,50,40,0.25,0.15,1.0,0.12
0.23133418844119158,0.14230253718833585,0.12789648861497796,0.036589242324576804,50,p1_T40,B,13,5,50,40,0.25,0.15,1.0,0.11
0.23763693128027222,0.15194370029441354,0.13142873033612704,0.039430465464881735,50,p1_T40,B,14,5,50,40,0.25,0.15,1.0,0.12
0.2517684704092719,0.17841460898808742,0.12991068625270236,0.03832635478969388,50,p1_T40,B,15,5,50,40,0.25,0.15,1.0,0.13
0.22183903387955645,0.12586270637729366,0.12978605373588256,0.03850337163956385,50,p1_T40,B,16,5,50,40,0.25,0.15,1.0,0.1
0.2222606016635144,0.12660880838106517,0.13022117928329438,0.037734369265583184,50,p1_T40,B,17,5,50,40,0.25,0.15,1.0,0.11
0.23257734928204968,0.13736992080323437,0.12949819237323884,0.03799509278648599,50,p1_T40,B,18,5,50,40,0.25,0.15,1.0,0.12
0.2251266209496507,0.1421778424117946,0.1304591025040345,0.03921255044882274,50,p1_T40,B,19,5,50,40,0.25,0.15,1.0,0.12
0.257350874179741,0.1861346430746556,0.13084635027607208,0.03861568956064549,50,p1_T40,B,20,5,50,40,0.25,0.15,1.0,0.16
0.23865666560019222,0.16246207405303956,0.13185623361623738,0.03963550291127111,50,p1_T40,B,21,5,50,40,0.25,0.15,1.0,0.14
0.2191435811780952,0.11467539699265285,0.13078659919635519,0.039303786049871,50,p1_T40,B,22,5,50,40,0.25,0.15,1.0,0.09
0.21925083402997536,0.11512418232383954,0.13066521841822193,0.03845592769456172,50,p1_T40,B,23,5,50,40,0.25,0.15,1.0,0.11
0.23390602478417385,0.1464514866101399,0.13051604999666594,0.03884141776261237,50,p1_T40,B,24,5,50,40,0.25,0.15,1.0,0.12
0.2664435149586242,0.17872156210608853,0.13122198623831133,0.039120446902861684,50,p1_T40,B,25,5,50,40,0.25,0.15,1.0,0.15
0.2674652370208782,0.19966534148999948,0.12786943897455272,0.03739489760446417,50,p1_T40,B,26,5,50,40,0.25,0.15,1.0,0.16
0.23853325551602014,0.15296567406353292,0.12851513810292559,0.03724014292626693,50,p1_T40,B,27,5,50,40,0.25,0.15,1.0,0.13
0.25180589239182893,0.18136529719384492,0.13005082043549118,0.037860064458976245,50,p1_T40,B,28,5,50,40,0.25,0.15,1.0,0.15
0.2379619907066542,0.1596921223706958,0.13086577872640215,0.038864819384373056,50,p1_T40,B,29,5,50,40,0.25,0.15,1.0,0.14
0.25196255226528214,0.17098625776353849,0.13290158998063545,0.04056885752396816,50,p1_T40,B,30,5,50,40,0.25,0.15,1.0,0.14
0.24818314436077726,0.16312658314267292,0.1294137681486495,0.037963240690397825,50,p1_T40,B,31,5,50,40,0.25,0.15,1.0,0.12
0.2293871213826445,0.13257279852414533,0.13092339022058427,0.03877758148688629,50,p1_T40,B,32,5,50,40,0.25,0.15,1.0,0.11
0.2435798441987302,0.16448920021768895,0.13239012089029467,0.040218650736805805,50,p1_T40,B,33,5,50,40,0.25,0.15,1.0,0.14
0.25202892602250965,0.17929623715192794,0.12874749655914894,0.037841559206794696,50,p1_T40,B,34,5,50,40,0.25,0.15,1.0,0.14
0.24078112863697845,0.15582973011388568,0.1304259435996489,0.03896461722677212,50,p1_T40,B,35,5,50,40,0.25,0.15,1.0,0.12
0.23096637047313615,0.13551837768874125,0.1329097284299197,0.04118609892523293,50,p1_T40,B,36,5,50,40,0.25,0.15,1.0,0.11
0.23385371046339698,0.1473673396549876,0.12958637841238355,0.038471619539142195,50,p1_T40,B,37,5,50,40,0.25,0.15,1.0,0.11
0.2800332795726714,0.2045733289969097,0.12927653995535648,0.03824882520856723,50,p1_T40,B,38,5,50,40,0.25,0.15,1.0,0.16
0.23518688121419842,0.1498197459416599,0.13233982462609736,0.03995492577430668,50,p1_T40,B,39,5,50,40,0.25,0.15,1.0,0.12
0.2196923899640237,0.10387538043393545,0.1305391432664645,0.03888309656403215,50,p1_T40,B,40,5,50,40,0.25,0.15,1.0,0.1
0.2294568232609171,0.14267666245272326,0.12916670384514015,0.037983087995503394,50,p1_T40,B,41,5,50,40,0.25,0.15,1.0,0.12
0.23301502627533985,0.14607469969003511,0.12872583123290868,0.03819265110857919,50,p1_T40,B,42,5,50,40,0.25,0.15,1.0,0.12
0.24257845943006826,0.15946107181666724,0.1321305543355532,0.03964131420951907,50,p1_T40,B,43,5,50,40,0.25,0.15,1.0,0.13
0.269178197493338,0.18752324856303113,0.12877371558357043,0.03744280859891807,50,p1_T40,B,44,5,50,40,0.25,0.15,1.0,0.16
0.22189550158933483,0.1278096160949277,0.1329925192213459,0.04043774609091154,50,p1_T40,B,45,5,50,40,0.25,0.15,1.0,0.11
0.2534381612594907,0.1803785851517973,0.13105595824725969,0.03892191415271216,50,p1_T40,B,46,5,50,40,0.25,0.15,1.0,0.13
0.22831502051419128,0.13830369823491442,0.13270183314725814,0.040055741301468696,50,p1_T40,B,47,5,50,40,0.25,0.15,1.0,0.12
0.26710446108707153,0.19767548677948302,0.13118261123639202,0.03900943147070794,50,p1_T40,B,48,5,50,40,0.25,0.15,1.0,0.17
0.25507447520027354,0.1765769981892193,0.1285642396636668,0.03786354503323624,50,p1_T40,B,49,5,50,40,0.25,0.15,1.0,0.16
0.20824667278632789,0.05251856103503182,0.31103621651948754,0.1869770766305724,50,p1_T40,C,0,5,50,40,0.25,0.15,1.0,0.0
0.18678624535781524,0.029991934384014974,0.2845809523820185,0.16257854066877345,50,p1_T40,C,1,5,50,40,0.25,0.15,1.0,0.0
0.1905176803750359,0.032959986749696704,0.2588073503465518,0.14019687038600986,50,p1_T40,C,2,5,50,40,0.25,0.15,1.0,0.0
0.19233397659106277,0.034148418389911346,0.29168797825075893,0.1690159721842952,50,p1_T40,C,3,5,50,40,0.25,0.15,1.0,0.0
0.19855990792192568,0.026386104201979777,0.36033837795789886,0.23250598746328424,50,p1_T40,C,4,5,50,40,0.25,0.15,1.0,0.0
0.20343086920137562,0.04262340835814782,0.29048193902402103,0.1683007763206934,50,p1_T40,C,5,5,50,40,0.25,0.15,1.0,0.0
0.1909330844045627,0.023710184497159715,0.33212173243418275,0.2060934457581105,50,p1_T40,C,6,5,50,40,0.25,0.15,1.0,0.0
0.21413664279994873,0.043451843986638546,0.37350228902407906,0.24476241370347485,50,p1_T40,C,7,5,50,40,0.25,0.15,1.0,0.0
0.18930641113640018,0.027394835820290283,0.239028638212499,0.12360580775257365,50,p1_T40,C,8,5,50,40,0.25,0.15,1.0,0.0
0.20882578529771872,0.04856106074703461,0.34457256422952914,0.21864163644786017,50,p1_T40,C,9,5,50,40,0.25,0.15,1.0,0.0
0.1927950014788708,0.044450558973717996,0.2862577904257055,0.16525451812388983,50,p1_T40,C,10,5,50,40,0.25,0.15,1.0,0.0
0.20027393336095142,0.03688390451592515,0.3087262035746986,0.18502921161260746,50,p1_T40,C,11,5,50,40,0.25,0.15,1.0,0.0
0.20131627809894861,0.04438869831162153,0.30674578871980734,0.18363533097633575,50,p1_T40,C,12,5,50,40,0.25,0.15,1.0,0.0
0.19816278843495141,0.02996141150884577,0.31716052873269096,0.19299043305685712,50,p1_T40,C,13,5,50,40,0.25,0.15,1.0,0.0
0.20936359273879518,0.03117486974993314,0.3727911315746746,0.24450277548822572,50,p1_T40,C,14,5,50,40,0.25,0.15,1.0,0.0
0.19595650232968712,0.04343011338380874,0.30485697136343276,0.18164869673803652,50,p1_T40,C,15,5,50,40,0.25,0.15,1.0,0.0
0.2003366325190004,0.05404659330524808,0.30581406258315397,0.18117369361290092,50,p1_T40,C,16,5,50,40,0.25,0.15,1.0,0.0
0.19331182010142517,0.03361308249573436,0.3012182901371957,0.17835980288198036,50,p1_T40,C,17,5,50,40,0.25,0.15,1.0,0.0
0.20296130261051315,0.019241591908040128,0.37478359229199615,0.24665175750479068,50,p1_T40,C,18,5,50,40,0.25,0.15,1.0,0.0
0.19148469955593903,0.037808610799079066,0.2586074824221651,0.14015655419621953,50,p1_T40,C,19,5,50,40,0.25,0.15,1.0,0.0
0.1975611635434106,0.028108926828674746,0.3671151856688695,0.2393877554753309,50,p1_T40,C,20,5,50,40,0.25,0.15,1.0,0.0
0.20985863247699116,0.059218163835779054,0.3096496277483063,0.1858549064994869,50,p1_T40,C,21,5,50,40,0.25,0.15,1.0,0.0
0.1957461800748288,0.03643765806245733,0.3070681748450089,0.18284575413468263,50,p1_T40,C,22,5,50,40,0.25,0.15,1.0,0.0
0.19111208458817205,0.03801890960517193,0.2701556679994633,0.15029142068488266,50,p1_T40,C,23,5,50,40,0.25,0.15,1.0,0.0
0.21121765306441567,0.0380445215336429,0.3869783406741533,0.2578200355972745,50,p1_T40,C,24,5,50,40,0.25,0.15,1.0,0.0
0.20087536755671806,0.046172748539929157,0.3110419998736539,0.18646810147101073,50,p1_T40,C,25,5,50,40,0.25,0.15,1.0,0.0
0.18778496532463854,0.03643034594351656,0.2816344805368956,0.16056414357984747,50,p1_T40,C,26,5,50,40,0.25,0.15,1.0,0.0
0.19581688418664148,0.037971300691861685,0.30889776151915804,0.1854199240251051,50,p1_T40,C,27,5,50,40,0.25,0.15,1.0,0.0
0.2028668367702954,0.037865202016427374,0.28523678951799847,0.16373002084420313,50,p1_T40,C,28,5,50,40,0.25,0.15,1.0,0.0
0.1974650252166802,0.011623385541394454,0.35766538778125034,0.22999153917971044,50,p1_T40,C,29,5,50,40,0.25,0.15,1.0,0.0
0.20333220099931582,0.03148011766269504,0.35486086069436334,0.22771673846416424,50,p1_T40,C,30,5,50,40,0.25,0.15,1.0,0.0
0.2096316810756324,0.06639857559388464,0.31073983551498546,0.18674123215550972,50,p1_T40,C,31,5,50,40,0.25,0.15,1.0,0.0
0.2027443701586682,0.06024670325635873,0.2873494784908223,0.16491728490697904,50,p1_T40,C,32,5,50,40,0.25,0.15,1.0,0.0
0.19467110966981666,0.05512340648131436,0.24877124547027815,0.13078479671514243,50,p1_T40,C,33,5,50,40,0.25,0.15,1.0,0.0
0.19137270869404815,0.02877689443564795,0.27395753988118365,0.15245101988387696,50,p1_T40,C,34,5,50,40,0.25,0.15,1.0,0.0
0.18991595265318767,0.019017379572454994,0.29493263334061887,0.17210679688139696,50,p1_T40,C,35,5,50,40,0.25,0.15,1.0,0.0
0.19985035458307734,0.02672556545627731,0.3418901967215755,0.2161133549110667,50,p1_T40,C,36,5,50,40,0.25,0.15,1.0,0.0
0.20009114210222834,0.041337934836100966,0.3039753840958934,0.18044864574862543,50,p1_T40,C,37,5,50,40,0.25,0.15,1.0,0.0
0.20082781873148509,0.03504065477681134,0.35247132141533816,0.2253746220704183,50,p1_T40,C,38,5,50,40,0.25,0.15,1.0,0.0
0.19668113399388198,0.03478725742822693,0.29236503652476814,0.16931328117427447,50,p1_T40,C,39,5,50,40,0.25,0.15,1.0,0.0
0.18096376443650822,0.023235316215691592,0.2371535512205923,0.12206273976107855,50,p1_T40,C,40,5,50,40,0.25,0.15,1.0,0.0
0.18865349391757721,0.029616248202993863,0.28028628171802483,0.1594816400772054,50,p1_T40,C,41,5,50,40,0.25,0.15,1.0,0.0
0.20700078038467162,0.0501173685082594,0.32584248192008464,0.19970597954495609,50,p1_T40,C,42,5,50,40,0.25,0.15,1.0,0.0
0.1987703370641939,0.028705778799359413,0.3478061781396176,0.22106027438423853,50,p1_T40,C,43,5,50,40,0.25,0.15,1.0,0.0
0.2058291676143804,0.03554377028391469,0.34758921813738797,0.2210736137703596,50,p1_T40,C,44,5,50,40,0.25,0.15,1.0,0.0
0.19935597475335104,0.04531499316756735,0.32050057174214985,0.19581294853194228,50,p1_T40,C,45,5,50,40,0.25,0.15,1.0,0.0
0.1828133721130498,0.01881593708333635,0.29934822403272743,0.17642086756818753,50,p1_T40,C,46,5,50,40,0.25,0.15,1.0,0.0
0.17715213198834295,0.023093446631416947,0.23111161566608296,0.1172240223546549,50,p1_T40,C,47,5,50,40,0.25,0.15,1.0,0.0
0.2098016258568657,0.05708577543372988,0.33581611427286007,0.21023874281974628,50,p1_T40,C,48,5,50,40,0.25,0.15,1.0,0.0
0.20516697508562384,0.05852204124033441,0.3049353569588141,0.18112464317573598,50,p1_T40,C,49,5,50,40,0.25,0.15,1.0,0.0
0.24649148188930237,0.14319550862929434,0.3189461128573009,0.19487746971441272,50,p1_T40,D,0,5,50,40,0.25,0.15,1.0,0.1
0.2731645923017754,0.19251185225602832,0.33245083311029905,0.20640135822664943,50,p1_T40,D,1,5,50,40,0.25,0.15,1.0,0.15
0.26027134953091363,0.16005450818181852,0.24080981447689337,0.12474811164791805,50,p1_T40,D,2,5,50,40,0.25,0.15,1.0,0.13
0.2604537312257868,0.1710430532523107,0.294651610756748,0.17110514308278793,50,p1_T40,D,3,5,50,40,0.25,0.15,1.0,0.15
0.25146453213083503,0.12245116156403016,0.39845621643223056,0.26917693367657364,50,p1_T40,D,4,5,50,40,0.25,0.15,1.0,0.11
0.26756215074056766,0.17611169153869885,0.39415966812640985,0.2649829693726917,50,p1_T40,D,5,5,50,40,0.25,0.15,1.0,0.14
0.2627336014009385,0.17156634448113045,0.315712938672385,0.19067255182754814,50,p1_T40,D,6,5,50,40,0.25,0.15,1.0,0.14
0.254307868641512,0.15013968033916444,0.3156188861150894,0.1904713345617407,50,p1_T40,D,7,5,50,40,0.25,0.15,1.0,0.12
0.242921744768551,0.14196761322076792,0.3063803967615072,0.18309503398636115,50,p1_T40,D,8,5,50,40,0.25,0.15,1.0,0.11
0.23052234376604466,0.10771624165252744,0.30615851226080104,0.1816594038851961,50,p1_T40,D,9,5,50,40,0.25,0.15,1.0,0.08
0.2546076461637228,0.1603893907960331,0.29577376668739697,0.1726786273039773,50,p1_T40,D,10,5,50,40,0.25,0.15,1.0,0.14
0.27155885392949136,0.1857002669766482,0.24640055446315084,0.12949821784679208,50,p1_T40,D,11,5,50,40,0.25,0.15,1.0,0.14
0.23228734100440035,0.12604600399550622,0.23756864172901845,0.12217059903175724,50,p1_T40,D,12,5,50,40,0.25,0.15,1.0,0.09
0.25716760228794994,0.15013462383552045,0.37703477190644935,0.24865212457279331,50,p1_T40,D,13,5,50,40,0.25,0.15,1.0,0.13
0.2535230416173151,0.16495454373640273,0.25055239015897995,0.1333543439357714,50,p1_T40,D,14,5,50,40,0.25,0.15,1.0,0.14
0.2630482260648398,0.18808861960019044,0.26660771861780347,0.1478866063148124,50,p1_T40,D,15,5,50,40,0.25,0.15,1.0,0.16
0.2703132676647545,0.18148210548717011,0.3348723473816766,0.209131130450197,50,p1_T40,D,16,5,50,40,0.25,0.15,1.0,0.15
0.2224547573717225,0.09510273846253364,0.29444396411709706,0.17201451164457437,50,p1_T40,D,17,5,50,40,0.25,0.15,1.0,0.07
0.26286894110465836,0.1784781175312556,0.3328987422732545,0.20631411561807037,50,p1_T40,D,18,5,50,40,0.25,0.15,1.0,0.14
0.256676582125495,0.14470902701154365,0.3802544539288317,0.25154734055463224,50,p1_T40,D,19,5,50,40,0.25,0.15,1.0,0.12
0.2524783977256779,0.15669213290208528,0.29190294964546787,0.16966303338755748,50,p1_T40,D,20,5,50,40,0.25,0.15,1.0,0.13
0.2774205249955017,0.19931904918449406,0.3143870428287315,0.19023399272043223,50,p1_T40,D,21,5,50,40,0.25,0.15,1.0,0.17
0.24018716159700676,0.14135680767786568,0.26691193629127874,0.14778146994728714,50,p1_T40,D,22,5,50,40,0.25,0.15,1.0,0.12
0.28532732349608925,0.20357311068033812,0.3332415453826774,0.20729719726788892,50,p1_T40,D,23,5,50,40,0.25,0.15,1.0,0.16
0.2665386766912948,0.17689422708413122,0.32543985607290693,0.19997031625220396,50,p1_T40,D,24,5,50,40,0.25,0.15,1.0,0.14
0.26847945275378987,0.17871648760676767,0.28796407350720615,0.1661007706992057,50,p1_T40,D,25,5,50,40,0.25,0.15,1.0,0.13
0.2416217426442165,0.13641951387416312,0.2852536772069248,0.16411135021893677,50,p1_T40,D,26,5,50,40,0.25,0.15,1.0,0.14
0.2747158827958856,0.19880422576307946,0.2551743661145169,0.13728019415132883,50,p1_T40,D,27,5,50,40,0.25,0.15,1.0,0.17
0.2468910438816422,0.16077487557528827,0.2384717622272514,0.1224472586320352,50,p1_T40,D,28,5,50,40,0.25,0.15,1.0,0.13
0.2658354998982099,0.17745340890757755,0.3059676329605562,0.18244378526393404,50,p1_T40,D,29,5,50,40,0.25,0.15,1.0,0.14
0.2504146942292108,0.14840623244314688,0.3099701451547452,0.18653807802421912,50,p1_T40,D,30,5,50,40,0.25,0.15,1.0,0.12
0.249554145901051,0.1643597543272685,0.2537436734358414,0.1356773747287043,50,p1_T40,D,31,5,50,40,0.25,0.15,1.0,0.13
0.2469333852424587,0.14993647685141456,0.3122376541670777,0.1877649333458836,50,p1_T40,D,32,5,50,40,0.25,0.15,1.0,0.11
0.25173161312571607,0.16113391022850115,0.2676257934137817,0.14847715769599995,50,p1_T40,D,33,5,50,40,0.25,0.15,1.0,0.13
0.2428891837739355,0.13654296749647477,0.2854607553015448,0.16423887556482125,50,p1_T40,D,34,5,50,40,0.25,0.15,1.0,0.1
0.2376474935237305,0.10715264830876933,0.33529465759916244,0.2095925080529094,50,p1_T40,D,35,5,50,40,0.25,0.15,1.0,0.07
0.2387190957289569,0.12774582141077864,0.3564293990132295,0.22928906139519267,50,p1_T40,D,36,5,50,40,0.25,0.15,1.0,0.12
0.2431057458236991,0.1438536020065114,0.27276474320362226,0.15186382626493095,50,p1_T40,D,37,5,50,40,0.25,0.15,1.0,0.13
0.2377486277813674,0.13064780319784797,0.3301060128174967,0.20442473493330904,50,p1_T40,D,38,5,50,40,0.25,0.15,1.0,0.1
0.25544214855101527,0.1604033547875841,0.28579654716616043,0.16418763703281852,50,p1_T40,D,39,5,50,40,0.25,0.15,1.0,0.14
0.25997279423066805,0.1696067005313171,0.26119470510105947,0.14273161525864536,50,p1_T40,D,40,5,50,40,0.25,0.15,1.0,0.15
0.2509208262322483,0.15453939413751955,0.2916319798046862,0.1696269821301191,50,p1_T40,D,41,5,50,40,0.25,0.15,1.0,0.13
0.2436884319925119,0.1343415222111716,0.32727654358581354,0.20218736461938322,50,p1_T40,D,42,5,50,40,0.25,0.15,1.0,0.11
0.2451641506113745,0.14526949275661577,0.2452887099738127,0.12883171579962685,50,p1_T40,D,43,5,50,40,0.25,0.15,1.0,0.1
0.27412306844195233,0.2003666424032785,0.27656576690128715,0.15617226499156198,50,p1_T40,D,44,5,50,40,0.25,0.15,1.0,0.14
0.2571909896940397,0.15586599571780937,0.31999129968869156,0.1953816040387593,50,p1_T40,D,45,5,50,40,0.25,0.15,1.0,0.1
0.27520722118272656,0.18741274555523474,0.35840385941914993,0.23079906635838116,50,p1_T40,D,46,5,50,40,0.25,0.15,1.0,0.14
0.26261116708978915,0.1748990249213095,0.2904560204254206,0.16842871636170575,50,p1_T40,D,47,5,50,40,0.25,0.15,1.0,0.15
0.23801577289855072,0.13088620060096315,0.28988798154042755,0.16890902727287282,50,p1_T40,D,48,5,50,40,0.25,0.15,1.0,0.12
0.2670854282903114,0.1831952796365942,0.28951527271842326,0.16836095745447185,50,p1_T40,D,49,5,50,40,0.25,0.15,1.0,0.16
0.11776698856264158,0.03313704445815856,0.09117484676079855,0.027805269511080078,50,p1_T80,A,0,5,50,80,0.25,0.15,1.0,0.0
0.11468914826993266,0.02860485870910223,0.09105549035228681,0.027429070283419593,50,p1_T80,A,1,5,50,80,0.25,0.15,1.0,0.0
0.11396762362505183,0.019269978056802597,0.09137587811567616,0.027227151011155103,50,p1_T80,A,2,5,50,80,0.25,0.15,1.0,0.0
0.10890201984758276,0.015145340221778244,0.09044621052996638,0.026957506505078426,50,p1_T80,A,3,5,50,80,0.25,0.15,1.0,0.0
0.10824290036703176,0.015614008156434678,0.09091445482858777,0.027219913980955603,50,p1_T80,A,4,5,50,80,0.25,0.15,1.0,0.0
0.11023750549637168,0.020164128951227475,0.09090249121059431,0.027184516212960128,50,p1_T80,A,5,5,50,80,0.25,0.15,1.0,0.0
0.11747945605924713,0.031218075441722375,0.0904036275257778,0.02707745529554942,50,p1_T80,A,6,5,50,80,0.25,0.15,1.0,0.0
0.1129324813947731,0.01728819858385773,0.08886749092377107,0.026254179747846707,50,p1_T80,A,7,5,50,80,0.25,0.15,1.0,0.0
0.11266941841966734,0.022599458472485647,0.08979917565897813,0.0267696763974097,50,p1_T80,A,8,5,50,80,0.25,0.15,1.0,0.0
0.11444792515718902,0.029738403746370472,0.08891398778034369,0.026035188829663592,50,p1_T80,A,9,5,50,80,0.25,0.15,1.0,0.0
0.11011069495958269,0.014852736128430234,0.09040763421237111,0.027219828120766988,50,p1_T80,A,10,5,50,80,0.25,0.15,1.0,0.0
0.11543721396920631,0.024939025776713954,0.08962804541546773,0.026458438080762155,50,p1_T80,A,11,5,50,80,0.25,0.15,1.0,0.0
0.11189967129905208,0.018463739287054897,0.08944327515294283,0.02624329537460488,50,p1_T80,A,12,5,50,80,0.25,0.15,1.0,0.0
0.10982474055376913,0.01354869422092667,0.09038072877928872,0.02713213371658808,50,p1_T80,A,13,5,50,80,0.25,0.15,1.0,0.0
0.10878485096634855,0.01710506873728466,0.09140393670436911,0.027644232509087287,50,p1_T80,A,14,5,50,80,0.25,0.15,1.0,0.0
0.10825311881920754,0.01801569667636992,0.08960316946612483,0.02653174859728984,50,p1_T80,A,15,5,50,80,0.25,0.15,1.0,0.0
0.11118655424924073,0.01741666614672173,0.09222918462831355,0.02781269830930643,50,p1_T80,A,16,5,50,80,0.25,0.15,1.0,0.0
0.11189162246502268,0.01888481111495288,0.09013860993363425,0.026547019418556615,50,p1_T80,A,17,5,50,80,0.25,0.15,1.0,0.0
0.11410868046871393,0.02061089467517696,0.09120895704581468,0.02762471288431914,50,p1_T80,A,18,5,50,80,0.25,0.15,1.0,0.0
0.11321139618680533,0.02380417587101941,0.09089959437381354,0.02688652536744778,50,p1_T80,A,19,5,50,80,0.25,0.15,1.0,0.0
0.1119419724674482,0.01790761221061829,0.09075590437493435,0.026982826823180886,50,p1_T80,A,20,5,50,80,0.25,0.15,1.0,0.0
0.11373129071455367,0.02330820708166115,0.09001478028778029,0.026983909048305697,50,p1_T80,A,21,5,50,80,0.25,0.15,1.0,0.0
0.10881065462384529,0.015929695777022107,0.08948272054077439,0.026708670192182205,50,p1_T80,A,22,5,50,80,0.25,0.15,1.0,0.0
0.11619557115725052,0.024975224246552616,0.09058449776048597,0.027435828321765908,50,p1_T80,A,23,5,50,80,0.25,0.15,1.0,0.0
0.11181230822641154,0.016490520978789457,0.09016194314707518,0.026881343373119027,50,p1_T80,A,24,5,50,80,0.25,0.15,1.0,0.0
0.11523004553204838,0.026937474036775225,0.09091980690958082,0.027148261692885093,50,p1_T80,A,25,5,50,80,0.25,0.15,1.0,0.0
0.11597623077739506,0.027124747036647235,0.09207047342898655,0.027736285054357213,50,p1_T80,A,26,5,50,80,0.25,0.15,1.0,0.0
0.11559350438122529,0.0263913560849763,0.09019312162314028,0.02696932554544239,50,p1_T80,A,27,5,50,80,0.25,0.15,1.0,0.0
0.11452500203389036,0.028037108352922734,0.09134446022125309,0.027539278185923353,50,p1_T80,A,28,5,50,80,0.25,0.15,1.0,0.0
0.11387575271287977,0.02824761164973975,0.09053119611430913,0.026825983816048244,50,p1_T80,A,29,5,50,80,0.25,0.15,1.0,0.0
0.11187277162509329,0.024118026875436155,0.09150926007955117,0.027742006817944215,50,p1_T80,A,30,5,50,80,0.25,0.15,1.0,0.0
0.11151118677395043,0.021387978566506226,0.08973659640284071,0.02672426796705254,50,p1_T80,A,31,5,50,80,0.25,0.15,1.0,0.0
0.11281044840280069,0.024097320013180032,0.09070642874323448,0.027374198929525948,50,p1_T80,A,32,5,50,80,0.25,0.15,1.0,0.0
0.11205119624271374,0.022056837936351242,0.0903708032786509,0.02700041137734288,50,p1_T80,A,33,5,50,80,0.25,0.15,1.0,0.0
0.11469783249580967,0.025907645048791242,0.09165964317856187,0.027610306959956768,50,p1_T80,A,34,5,50,80,0.25,0.15,1.0,0.0
0.11038045131201052,0.01793193713691178,0.09129306373779812,0.0273921358150279,50,p1_T80,A,35,5,50,80,0.25,0.15,1.0,0.0
0.11179173150176265,0.021185900025993215,0.09140801793306629,0.027938160398610794,50,p1_T80,A,36,5,50,80,0.25,0.15,1.0,0.0
0.1135659257117454,0.021857209579386385,0.0910931364414795,0.027336832591559303,50,p1_T80,A,37,5,50,80,0.25,0.15,1.0,0.0
0.11349300802471438,0.018357203917864034,0.09161657114020348,0.027745418750970648,50,p1_T80,A,38,5,50,80,0.25,0.15,1.0,0.0
0.1129244830648758,0.02120290479530361,0.08966041819817938,0.02668315092565968,50,p1_T80,A,39,5,50,80,0.25,0.15,1.0,0.0
0.11021384086354556,0.01507815471459924,0.09098356304171924,0.027194057062373024,50,p1_T80,A,40,5,50,80,0.25,0.15,1.0,0.0
0.11169911427119733,0.01668269230848359,0.09099176481584244,0.027110647929008216,50,p1_T80,A,41,5,50,80,0.25,0.15,1.0,0.0
0.11351339042158433,0.024231657558088898,0.09110571702038295,0.027830634927638112,50,p1_T80,A,42,5,50,80,0.25,0.15,1.0,0.0
0.11252194163002621,0.02530854009221277,0.08950028526430655,0.026601921376321752,50,p1_T80,A,43,5,50,80,0.25,0.15,1.0,0.0
0.11372909206989734,0.023245884665174802,0.09207338075048094,0.02794974518224684,50,p1_T80,A,44,5,50,80,0.25,0.15,1.0,0.0
0.11498546516200497,0.028598992980138026,0.09053863905822045,0.027438337183937015,50,p1_T80,A,45,5,50,80,0.25,0.15,1.0,0.0
0.11521686381714968,0.029428349947811093,0.08994295472711912,0.026508861855158886,50,p1_T80,A,46,5,50,80,0.25,0.15,1.0,0.0
0.10725252405857041,0.014453237326975635,0.09076575402153331,0.027231790047658702,50,p1_T80,A,47,5,50,80,0.25,0.15,1.0,0.0
0.11326441984386487,0.02007512506117389,0.09258666989149582,0.02887479827135275,50,p1_T80,A,48,5,50,80,0.25,0.15,1.0,0.0
0.1086454116718116,0.01590210644977921,0.09057329033885697,0.026486279716451296,50,p1_T80,A,49,5,50,80,0.25,0.15,1.0,0.0
0.21511958360519418,0.16923773191826905,0.09060840089402901,0.02689986548018269,50,p1_T80,B,0,5,50,80,0.25,0.15,1.0,0.15
0.19481825407294381,0.1450127946410399,0.09060031765477021,0.02712800469961249,50,p1_T80,B,1,5,50,80,0.25,0.15,1.0,0.12
0.21541045136087258,0.1618474607849519,0.08950765940374486,0.026625845851056026,50,p1_T80,B,2,5,50,80,0.25,0.15,1.0,0.14
0.19496456417109218,0.14213513225139882,0.09154262037232512,0.027215210864011,50,p1_T80,B,3,5,50,80,0.25,0.15,1.0,0.13
0.21277120331571137,0.16768266609234495,0.09073205985217883,0.027275935564874766,50,p1_T80,B,4,5,50,80,0.25,0.15,1.0,0.15
0.21122111343301853,0.1552974789122905,0.09024312704493258,0.027363818207843803,50,p1_T80,B,5,5,50,80,0.25,0.15,1.0,0.15
0.24199021265795165,0.18469502636475713,0.09017844279130861,0.0271834116224418,50,p1_T80,B,6,5,50,80,0.25,0.15,1.0,0.13
0.22029482723022448,0.15836892154474722,0.09084929285096063,0.027250683223625078,50,p1_T80,B,7,5,50,80,0.25,0.15,1.0,0.14
0.18738020674762912,0.11958448230376695,0.09094979936575633,0.027191316131441587,50,p1_T80,B,8,5,50,80,0.25,0.15,1.0,0.1
0.21159682317407247,0.15743869343484576,0.08847252690700932,0.025365554479546856,50,p1_T80,B,9,5,50,80,0.25,0.15,1.0,0.14
0.18844841104573054,0.1317466707584633,0.0904438033196678,0.026932123925517196,50,p1_T80,B,10,5,50,80,0.25,0.15,1.0,0.11
0.22421743814285425,0.17419208082120385,0.0913335311255201,0.02774595966062651,50,p1_T80,B,11,5,50,80,0.25,0.15,1.0,0.14
0.20248757197717246,0.14406728179476683,0.09295601602583609,0.028434104338321123,50,p1_T80,B,12,5,50,80,0.25,0.15,1.0,0.12
0.20032268764262184,0.13848139722868302,0.08981725029327099,0.026441280508296756,50,p1_T80,B,13,5,50,80,0.25,0.15,1.0,0.11
0.1924034578055497,0.14081494635509323,0.0916205102986328,0.027775394241180664,50,p1_T80,B,14,5,50,80,0.25,0.15,1.0,0.12
0.19940982686723147,0.15360466741252238,0.08965700372558515,0.0270299704062386,50,p1_T80,B,15,5,50,80,0.25,0.15,1.0,0.13
0.17911738230268154,0.1219142991363391,0.09155634990663442,0.028015981705938667,50,p1_T80,B,16,5,50,80,0.25,0.15,1.0,0.1
0.1882778054114658,0.13240467899041294,0.09206968023240232,0.028401249817455572,50,p1_T80,B,17,5,50,80,0.25,0.15,1.0,0.11
0.19595413026565403,0.14183380951412272,0.09109005224694237,0.027723698180908717,50,p1_T80,B,18,5,50,80,0.25,0.15,1.0,0.12
0.20772200603509727,0.15269791424998125,0.09098630145518455,0.02730804200531682,50,p1_T80,B,19,5,50,80,0.25,0.15,1.0,0.12
0.24222239265692636,0.19879882706661692,0.09203787577379098,0.027626379941277087,50,p1_T80,B,20,5,50,80,0.25,0.15,1.0,0.16
0.203621666163698,0.1519445736762872,0.09101598733335521,0.027639149562587492,50,p1_T80,B,21,5,50,80,0.25,0.15,1.0,0.14
0.1792762403483218,0.11134444479004388,0.09016072294144664,0.026874911017267866,50,p1_T80,B,22,5,50,80,0.25,0.15,1.0,0.09
0.1870210142343008,0.12840358279163583,0.08940341064911816,0.026455415169772727,50,p1_T80,B,23,5,50,80,0.25,0.15,1.0,0.11
0.19314160377218476,0.13858054430958688,0.0901044858702666,0.02705152363876902,50,p1_T80,B,24,5,50,80,0.25,0.15,1.0,0.12
0.22718052221841062,0.17270217731179996,0.0896154179321707,0.026454776274645982,50,p1_T80,B,25,5,50,80,0.25,0.15,1.0,0.15
0.22284436857712822,0.18243044838813013,0.0904221988209169,0.02699411112623186,50,p1_T80,B,26,5,50,80,0.25,0.15,1.0,0.16
0.1990394904293993,0.1471870344268182,0.09013998920444255,0.02684200263413082,50,p1_T80,B,27,5,50,80,0.25,0.15,1.0,0.13
0.227591892476693,0.17453805118770938,0.08963772330391746,0.026372961601253762,50,p1_T80,B,28,5,50,80,0.25,0.15,1.0,0.15
0.2181567682429641,0.17414268484054335,0.08975065542446851,0.026734115832689666,50,p1_T80,B,29,5,50,80,0.25,0.15,1.0,0.14
0.20614976723735282,0.15518474340791988,0.09014975876305815,0.026886417334481657,50,p1_T80,B,30,5,50,80,0.25,0.15,1.0,0.14
0.19062137523949732,0.133867130312633,0.08977745271795283,0.026501908369971225,50,p1_T80,B,31,5,50,80,0.25,0.15,1.0,0.12
0.18370916586196578,0.12570234621184123,0.09034906161465364,0.02682166023745163,50,p1_T80,B,32,5,50,80,0.25,0.15,1.0,0.11
0.23001807375444966,0.1811199539521532,0.09158680448638797,0.027796738543186397,50,p1_T80,B,33,5,50,80,0.25,0.15,1.0,0.14
0.2025465063015621,0.14191493294713547,0.08925927205318597,0.026269893617000852,50,p1_T80,B,34,5,50,80,0.25,0.15,1.0,0.14
0.21291479215865594,0.15879727869359242,0.08801704636822885,0.02542499044698808,50,p1_T80,B,35,5,50,80,0.25,0.15,1.0,0.12
0.19404178796107308,0.1393993851766474,0.09127653922688014,0.027868536120265564,50,p1_T80,B,36,5,50,80,0.25,0.15,1.0,0.11
0.20328836099005795,0.14097615779403141,0.09128656590994025,0.02769458184141607,50,p1_T80,B,37,5,50,80,0.25,0.15,1.0,0.11
0.24661296305713606,0.19384458569063714,0.08977402154589764,0.02675852283567622,50,p1_T80,B,38,5,50,80,0.25,0.15,1.0,0.16
0.19468224193218592,0.14101563476294376,0.09127728005669826,0.027426969148086712,50,p1_T80,B,39,5,50,80,0.25,0.15,1.0,0.12
0.1728235009527253,0.10811693364877417,0.09046653554462929,0.02696441728306483,50,p1_T80,B,40,5,50,80,0.25,0.15,1.0,0.1
0.20381989934164807,0.13750973574409056,0.09158038668862056,0.02771126136000825,50,p1_T80,B,41,5,50,80,0.25,0.15,1.0,0.12
0.20177018998820906,0.14436832561998647,0.08964293053650499,0.026594925134977045,50,p1_T80,B,42,5,50,80,0.25,0.15,1.0,0.12
0.20460931666135465,0.15641808182894626,0.09269062630077493,0.028864815503003283,50,p1_T80,B,43,5,50,80,0.25,0.15,1.0,0.13
0.23690379128792385,0.1954123531417907,0.08961458990412824,0.02664996743099634,50,p1_T80,B,44,5,50,80,0.25,0.15,1.0,0.16
0.18632056472881808,0.1244170736029533,0.08877032404136743,0.025683283636610866,50,p1_T80,B,45,5,50,80,0.25,0.15,1.0,0.11
0.20008628781453222,0.1503368617436203,0.09062625599294205,0.02730216652070076,50,p1_T80,B,46,5,50,80,0.25,0.15,1.0,0.13
0.19233859029153716,0.13759229426734415,0.09148431638345053,0.027622044435710244,50,p1_T80,B,47,5,50,80,0.25,0.15,1.0,0.12
0.23155371144706302,0.19281257964729462,0.09142717430083608,0.027583949093081466,50,p1_T80,B,48,5,50,80,0.25,0.15,1.0,0.17
0.23264831016416646,0.18968799940918094,0.09284465404266193,0.028871079394683263,50,p1_T80,B,49,5,50,80,0.25,0.15,1.0,0.16
0.13704977173156,0.0323771666687445,0.3379160531529097,0.2477527044594106,50,p1_T80,C,0,5,50,80,0.25,0.15,1.0,0.0
0.12610413601759182,0.021781284190122863,0.3182509107880744,0.22845810894488966,50,p1_T80,C,1,5,50,80,0.25,0.15,1.0,0.0
0.13059997495701084,0.03274485378729861,0.28282068127526083,0.1935950769038227,50,p1_T80,C,2,5,50,80,0.25,0.15,1.0,0.0
0.12503113321561385,0.014637680109694089,0.2715417692507792,0.1830251279584025,50,p1_T80,C,3,5,50,80,0.25,0.15,1.0,0.0
0.1325876895888961,0.020164004659548627,0.3406992377164836,0.2503368394979133,50,p1_T80,C,4,5,50,80,0.25,0.15,1.0,0.0
0.12961406687479446,0.016659035990086016,0.3389745572945357,0.24855631752050078,50,p1_T80,C,5,5,50,80,0.25,0.15,1.0,0.0
0.1256055690668061,0.017371000990004444,0.32509950014676986,0.23485528475765258,50,p1_T80,C,6,5,50,80,0.25,0.15,1.0,0.0
0.1390379908695333,0.030233826887332275,0.3631476018075913,0.2726438428951499,50,p1_T80,C,7,5,50,80,0.25,0.15,1.0,0.0
0.12268962235062347,0.019462583715680833,0.2508986498977776,0.16353308053668955,50,p1_T80,C,8,5,50,80,0.25,0.15,1.0,0.0
0.13831051727737126,0.03137462661768111,0.36825085922483225,0.27761255068809015,50,p1_T80,C,9,5,50,80,0.25,0.15,1.0,0.0
0.12386960109362853,0.019285736015202254,0.27982821254438933,0.19107239086907388,50,p1_T80,C,10,5,50,80,0.25,0.15,1.0,0.0
0.131257140101965,0.016247804416935033,0.3285984048862232,0.23854559984018275,50,p1_T80,C,11,5,50,80,0.25,0.15,1.0,0.0
0.13375215190036666,0.03622737915210171,0.29419502554669513,0.20473674777691508,50,p1_T80,C,12,5,50,80,0.25,0.15,1.0,0.0
0.13906127894824283,0.04644590663032723,0.32732237658958835,0.23704206360857802,50,p1_T80,C,13,5,50,80,0.25,0.15,1.0,0.0
0.13997995301019828,0.03317480246985186,0.3475421261017619,0.2569133687212299,50,p1_T80,C,14,5,50,80,0.25,0.15,1.0,0.0
0.1273698652755044,0.020136975492906474,0.30898865132004605,0.21902302636328297,50,p1_T80,C,15,5,50,80,0.25,0.15,1.0,0.0
0.13280604504334415,0.025088486739006797,0.33274589245785796,0.24255222666565165,50,p1_T80,C,16,5,50,80,0.25,0.15,1.0,0.0
0.13504934893081752,0.032549627263513584,0.36127400199792414,0.2707669125995978,50,p1_T80,C,17,5,50,80,0.25,0.15,1.0,0.0
0.14378636194300612,0.041358652499213486,0.3739994843715186,0.2833984532408297,50,p1_T80,C,18,5,50,80,0.25,0.15,1.0,0.0
0.13085793789444242,0.029273096280027763,0.2870272566679172,0.197977165471866,50,p1_T80,C,19,5,50,80,0.25,0.15,1.0,0.0
0.1334563467211276,0.023524940304548488,0.3551265931146989,0.26466382526833165,50,p1_T80,C,20,5,50,80,0.25,0.15,1.0,0.0
0.13718932227054847,0.02398300148192879,0.3783903935189456,0.28766839644980885,50,p1_T80,C,21,5,50,80,0.25,0.15,1.0,0.0
0.13063867775516408,0.028959265868104343,0.31457942351121276,0.22461478051858277,50,p1_T80,C,22,5,50,80,0.25,0.15,1.0,0.0
0.13009642325468895,0.029730929750827684,0.3088297434635764,0.2191341689577138,50,p1_T80,C,23,5,50,80,0.25,0.15,1.0,0.0
0.1465900238692595,0.04854076851905249,0.37544763662435887,0.2847906705122995,50,p1_T80,C,24,5,50,80,0.25,0.15,1.0,0.0
0.14469514185737792,0.04749723796168019,0.3762497454406285,0.28553796863143577,50,p1_T80,C,25,5,50,80,0.25,0.15,1.0,0.0
0.13501975824822393,0.03074268916340128,0.32460616184779023,0.23448026346250356,50,p1_T80,C,26,5,50,80,0.25,0.15,1.0,0.0
0.12342298030078522,0.0225421452001435,0.29682954750108975,0.2076140288524542,50,p1_T80,C,27,5,50,80,0.25,0.15,1.0,0.0
0.14117458523706342,0.04925768974243275,0.2871127782165198,0.19845895109187242,50,p1_T80,C,28,5,50,80,0.25,0.15,1.0,0.0
0.12919329064094062,0.027666437872303194,0.3101853178751956,0.22037480136022683,50,p1_T80,C,29,5,50,80,0.25,0.15,1.0,0.0
0.14006292917359017,0.024803648340979305,0.42632516466631115,0.33546416664534856,50,p1_T80,C,30,5,50,80,0.25,0.15,1.0,0.0
0.12941700518870497,0.028516267762867628,0.29293897054393114,0.20383961482267499,50,p1_T80,C,31,5,50,80,0.25,0.15,1.0,0.0
0.13516051822678002,0.024969265263968917,0.34124501228617304,0.25079496375685173,50,p1_T80,C,32,5,50,80,0.25,0.15,1.0,0.0
0.1273545874196721,0.036595523460976366,0.25920835601773246,0.17118474390181923,50,p1_T80,C,33,5,50,80,0.25,0.15,1.0,0.0
0.13079374520568254,0.0339975035322459,0.2678402207026601,0.17963649122442338,50,p1_T80,C,34,5,50,80,0.25,0.15,1.0,0.0
0.13464220005048472,0.03343602624174953,0.31702418209517497,0.22676754182443612,50,p1_T80,C,35,5,50,80,0.25,0.15,1.0,0.0
0.1402375637602223,0.041507808996690515,0.34218263628993545,0.25173917755205494,50,p1_T80,C,36,5,50,80,0.25,0.15,1.0,0.0
0.13540873737494608,0.039060148013445616,0.30579084883763086,0.21569224228052647,50,p1_T80,C,37,5,50,80,0.25,0.15,1.0,0.0
0.12754955476755522,0.024121213011493704,0.3151170858611955,0.22532523807695165,50,p1_T80,C,38,5,50,80,0.25,0.15,1.0,0.0
0.1370027112972009,0.0319133933619649,0.3261026767603366,0.235954309985551,50,p1_T80,C,39,5,50,80,0.25,0.15,1.0,0.0
0.12993830683194868,0.03066141260610953,0.3091446536550771,0.21929054436220763,50,p1_T80,C,40,5,50,80,0.25,0.15,1.0,0.0
0.12443540454045562,0.013771939931663433,0.3183531136736766,0.22827147328532746,50,p1_T80,C,41,5,50,80,0.25,0.15,1.0,0.0
0.1321068937852462,0.02675429734082802,0.33097323602725137,0.24082850973510558,50,p1_T80,C,42,5,50,80,0.25,0.15,1.0,0.0
0.13812856842336388,0.02885611688832883,0.3723841482680405,0.28174670901634874,50,p1_T80,C,43,5,50,80,0.25,0.15,1.0,0.0
0.13960931521167846,0.03727711758265766,0.3713868682267481,0.2806637739804446,50,p1_T80,C,44,5,50,80,0.25,0.15,1.0,0.0
0.14442162289736385,0.05176392595876786,0.34805119049088057,0.257628416410256,50,p1_T80,C,45,5,50,80,0.25,0.15,1.0,0.0
0.13209295930820006,0.03420113299246098,0.31916045092908385,0.2297815337556681,50,p1_T80,C,46,5,50,80,0.25,0.15,1.0,0.0
0.12365023326038442,0.025286533968172195,0.24846693081722596,0.1609336153334793,50,p1_T80,C,47,5,50,80,0.25,0.15,1.0,0.0
0.12635187419767258,0.007569645785338253,0.3727184500717374,0.2819163961529779,50,p1_T80,C,48,5,50,80,0.25,0.15,1.0,0.0
0.12851922622948322,0.01985551870239497,0.3257658407553375,0.23559815770543538,50,p1_T80,C,49,5,50,80,0.25,0.15,1.0,0.0
0.1920997058160212,0.1267713113103117,0.34999685805257125,0.25957350230247406,50,p1_T80,D,0,5,50,80,0.25,0.15,1.0,0.1
0.22463984861350317,0.16826357029296496,0.36363737341433294,0.27335532088474,50,p1_T80,D,1,5,50,80,0.25,0.15,1.0,0.15
0.20830455470039155,0.15093442640049737,0.2531732628108953,0.16553883768789096,50,p1_T80,D,2,5,50,80,0.25,0.15,1.0,0.13
0.22205816355104574,0.173127701629987,0.32265319076344284,0.23261128448939936,50,p1_T80,D,3,5,50,80,0.25,0.15,1.0,0.15
0.20200900833520152,0.13817446292402796,0.37290629021030874,0.2822857845312064,50,p1_T80,D,4,5,50,80,0.25,0.15,1.0,0.11
0.2212446736333229,0.17251332552387502,0.35026173073845995,0.26017319545848305,50,p1_T80,D,5,5,50,80,0.25,0.15,1.0,0.14
0.22559971125540962,0.1711017445812285,0.3612341779509699,0.2708255205828958,50,p1_T80,D,6,5,50,80,0.25,0.15,1.0,0.14
0.19771977808473962,0.12377972852004988,0.3316222234046775,0.2413594271570654,50,p1_T80,D,7,5,50,80,0.25,0.15,1.0,0.12
0.19173910554802998,0.12737281928353517,0.32961134346288884,0.23919409796112048,50,p1_T80,D,8,5,50,80,0.25,0.15,1.0,0.11
0.18135579094123946,0.1099132852311175,0.2663660654854809,0.1776970115071118,50,p1_T80,D,9,5,50,80,0.25,0.15,1.0,0.08
0.22315946733119152,0.17225540925007887,0.3298395404602062,0.2395668489399168,50,p1_T80,D,10,5,50,80,0.25,0.15,1.0,0.14
0.2286648768358788,0.17947819445815866,0.33104399025881204,0.24102468869778296,50,p1_T80,D,11,5,50,80,0.25,0.15,1.0,0.14
0.17741858847971492,0.1110416199086854,0.2649631102455644,0.17708137234224566,50,p1_T80,D,12,5,50,80,0.25,0.15,1.0,0.09
0.21520250399095547,0.14790907546644333,0.37370993981201045,0.2830253144579852,50,p1_T80,D,13,5,50,80,0.25,0.15,1.0,0.13
0.21381150904670804,0.1676715543431454,0.30607154275229526,0.21621637152065531,50,p1_T80,D,14,5,50,80,0.25,0.15,1.0,0.14
0.22791201875075057,0.17939748660729335,0.2519930239006035,0.164515849068881,50,p1_T80,D,15,5,50,80,0.25,0.15,1.0,0.16
0.22234525436778502,0.17517322554833725,0.3247725317094013,0.23494574735045512,50,p1_T80,D,16,5,50,80,0.25,0.15,1.0,0.15
0.17633243650147346,0.10223398001764827,0.27808898646281915,0.18900080200095415,50,p1_T80,D,17,5,50,80,0.25,0.15,1.0,0.07
0.2259506338020244,0.1733777868182603,0.33384588601869664,0.2435855757790967,50,p1_T80,D,18,5,50,80,0.25,0.15,1.0,0.14
0.2144420033191298,0.16182965138063518,0.3469106845057854,0.25654681062098295,50,p1_T80,D,19,5,50,80,0.25,0.15,1.0,0.12
0.20603580980649253,0.15257689982705303,0.2970754589243216,0.20752513791798038,50,p1_T80,D,20,5,50,80,0.25,0.15,1.0,0.13
0.2361075702536291,0.1935137300228224,0.33250983179046395,0.24246446201001604,50,p1_T80,D,21,5,50,80,0.25,0.15,1.0,0.17
0.19101057172774902,0.1303118354742048,0.2597119242428968,0.17167117941119314,50,p1_T80,D,22,5,50,80,0.25,0.15,1.0,0.12
0.24649026866598286,0.20328051734446873,0.3786112191396194,0.28795396426842945,50,p1_T80,D,23,5,50,80,0.25,0.15,1.0,0.16
0.2176575004720479,0.16245199409580022,0.3997315142137705,0.3089201896148288,50,p1_T80,D,24,5,50,80,0.25,0.15,1.0,0.14
0.20982000104655132,0.1550424133833346,0.3297836116797491,0.23937077255951633,50,p1_T80,D,25,5,50,80,0.25,0.15,1.0,0.13
0.22081699051936912,0.16419925503252916,0.3549265984639859,0.26437676247592173,50,p1_T80,D,26,5,50,80,0.25,0.15,1.0,0.14
0.2446075642574196,0.20260418646719988,0.2775091695276637,0.18854545957339552,50,p1_T80,D,27,5,50,80,0.25,0.15,1.0,0.17
0.19997377735309296,0.14848531937998094,0.26937642719785604,0.18101924783585457,50,p1_T80,D,28,5,50,80,0.25,0.15,1.0,0.13
0.2195520269514079,0.16575847035938338,0.28285037614313346,0.19359580811045676,50,p1_T80,D,29,5,50,80,0.25,0.15,1.0,0.14
0.20783546420161758,0.14080060950768478,0.3726882741476484,0.282016390053354,50,p1_T80,D,30,5,50,80,0.25,0.15,1.0,0.12
0.21752800171788664,0.16399359548388495,0.2860480725654891,0.1969042429249155,50,p1_T80,D,31,5,50,80,0.25,0.15,1.0,0.13
0.1920724631649546,0.1292937147340156,0.3299710906306912,0.24012766293419074,50,p1_T80,D,32,5,50,80,0.25,0.15,1.0,0.11
0.2061228588084247,0.14718347817489652,0.30750660550640596,0.21751668988802494,50,p1_T80,D,33,5,50,80,0.25,0.15,1.0,0.13
0.19269057394036623,0.12658515949091595,0.3495443725697218,0.2591082751165829,50,p1_T80,D,34,5,50,80,0.25,0.15,1.0,0.1
0.1807007890507195,0.10368141867066111,0.3807727574173059,0.2899924948837935,50,p1_T80,D,35,5,50,80,0.25,0.15,1.0,0.07
0.19514541113870582,0.12998165989680538,0.3368800449434438,0.24660026140529123,50,p1_T80,D,36,5,50,80,0.25,0.15,1.0,0.12
0.214315052727391,0.1610589240250826,0.3083142859143333,0.21862364459713865,50,p1_T80,D,37,5,50,80,0.25,0.15,1.0,0.13
0.18476214099710325,0.11934173031871928,0.30134381801763366,0.21200365989021172,50,p1_T80,D,38,5,50,80,0.25,0.15,1.0,0.1
0.2194113260780686,0.16153823247524335,0.3161253050234876,0.22597520422540623,50,p1_T80,D,39,5,50,80,0.25,0.15,1.0,0.14
0.22014127512320708,0.16893361683446714,0.31529826716929765,0.22520461424533172,50,p1_T80,D,40,5,50,80,0.25,0.15,1.0,0.15
0.20510405457177977,0.1514185272679871,0.3050162272029463,0.2152270526197771,50,p1_T80,D,41,5,50,80,0.25,0.15,1.0,0.13
0.19231237328453768,0.12559031848164698,0.3166080791283766,0.2266331895679173,50,p1_T80,D,42,5,50,80,0.25,0.15,1.0,0.11
0.19980895190811082,0.14838040645767595,0.34546426338744535,0.2549891650217952,50,p1_T80,D,43,5,50,80,0.25,0.15,1.0,0.1
0.23200127103237228,0.18005781162964202,0.31054707956209954,0.22060987806611823,50,p1_T80,D,44,5,50,80,0.25,0.15,1.0,0.14
0.19793609917717273,0.13170323022875693,0.3756567028571587,0.28492988230604105,50,p1_T80,D,45,5,50,80,0.25,0.15,1.0,0.1
0.2309953884051576,0.1820624417778084,0.3739992594701419,0.28327689412905355,50,p1_T80,D,46,5,50,80,0.25,0.15,1.0,0.14
0.223300301875145,0.16810086173899613,0.3046149619122315,0.21511426001975018,50,p1_T80,D,47,5,50,80,0.25,0.15,1.0,0.15
0.20400567746387074,0.14783136436004993,0.29689584557796606,0.20729784665486853,50,p1_T80,D,48,5,50,80,0.25,0.15,1.0,0.12
0.22577884516448227,0.17854080956572055,0.3040517130016933,0.21455545992122657,50,p1_T80,D,49,5,50,80,0.25,0.15,1.0,0.16
