T_c,pert_scale,rep,C,bv,tc_times_bv,tau2_learned,n_shrunk,mean_delta_norm,auroc_poolA,auroc_poolB,auroc_hnavar,auroc_cold,hn_minus_poolB,hn_minus_cold,mse_poolA,mse_poolB,mse_hnavar,mse_cold,mse_hn_vs_poolB,mse_hn_vs_cold
15,0.05,0,20,0.3160958592175901,4.741437888263851,0.5611594915390015,0,0.049501363146925166,0.7853535353535352,0.752020202020202,0.640909090909091,0.5186868686868686,-0.11111111111111105,0.12222222222222234,0.9749336373060942,0.9950480930507183,0.9661533918231726,0.9810756623744965,-0.02889470122754567,-0.01492227055132389
15,0.05,1,20,0.32602286744047154,4.890343011607073,0.7511866688728333,0,0.051319522535390585,0.8055555555555556,0.7388888888888889,0.6434343434343434,0.5499999999999999,-0.09545454545454557,0.09343434343434343,0.9346214137971401,0.9825693652033806,0.9904470451176166,1.0957712322473525,0.007877679914236047,-0.1053241871297359
15,0.05,2,20,0.3462614031574205,5.193921047361307,0.6871976256370544,0,0.050194397869439786,0.835,0.8215,0.7055,0.48649999999999993,-0.11599999999999999,0.21900000000000008,1.0205671548843385,1.0213062465190887,1.0894822582602501,1.1377878874540328,0.06817601174116139,-0.04830562919378267
15,0.05,3,20,0.33822807511399994,5.073421126709999,0.751799464225769,0,0.03981446443270935,0.8357142857142857,0.8554945054945057,0.660989010989011,0.5005494505494505,-0.1945054945054947,0.16043956043956042,0.9706904947757721,0.9490036055445671,1.0700988478958606,1.0929875425994395,0.12109524235129354,-0.022888694703578905
15,0.05,4,20,0.3253646382644322,4.880469573966483,0.6860970854759216,0,0.0449400163299666,0.8146464646464647,0.8095959595959595,0.6848484848484848,0.5383838383838383,-0.12474747474747472,0.14646464646464652,0.7849783975630998,0.8078301787376404,0.8691235620528459,0.9393844619393349,0.06129338331520551,-0.07026089988648898
15,0.05,5,20,0.3269433637212032,4.904150455818048,0.7048250436782837,0,0.04181737596399592,0.7631868131868134,0.8153846153846155,0.7335164835164836,0.5571428571428572,-0.08186813186813191,0.1763736263736264,0.800334619730711,0.8630684658885002,1.0223418742418289,1.1766972795128823,0.1592734083533287,-0.1543554052710534
15,0.05,6,20,0.35275960704147713,5.291394105622157,0.6236695051193237,0,0.035799577416550515,0.9745098039215687,0.8892156862745099,0.6990196078431371,0.5450980392156863,-0.19019607843137276,0.15392156862745077,0.9107750885188579,0.9696392804384232,1.0036683604121208,1.0862044870853425,0.03402907997369764,-0.08253612667322163
15,0.05,7,20,0.3108384878695657,4.6625773180434855,0.5862626433372498,0,0.04299345586715923,0.9011904761904764,0.8857142857142856,0.7363095238095239,0.5464285714285715,-0.1494047619047617,0.18988095238095237,0.7850942268967629,0.848697978258133,0.8935129459947347,0.9454376131296158,0.04481496773660176,-0.051924667134881086
15,0.25,0,20,0.332368336359681,4.985525045395215,0.6171352863311768,0,0.2427373171986739,0.9176767676767679,0.8808080808080808,0.6954545454545453,0.5181818181818182,-0.1853535353535355,0.17727272727272714,0.7987637102603913,0.811855335906148,0.9223807252943516,1.0103234082460404,0.11052538938820355,-0.08794268295168883
15,0.25,1,20,0.3546049287099736,5.319073930649604,0.5939849615097046,0,0.21295479693007846,0.9989583333333332,0.9713541666666666,0.7807291666666666,0.5083333333333332,-0.19062500000000004,0.2723958333333334,0.9069871991872788,0.9253136917948723,1.075722612440586,1.1160206332802773,0.15040892064571376,-0.04029802083969125
15,0.25,2,20,0.3372691591406862,5.059037387110293,0.7588461637496948,0,0.19853567199343386,0.85,0.7880952380952382,0.6553571428571427,0.5392857142857144,-0.13273809523809543,0.11607142857142838,1.0026510417461396,1.0617803424596786,1.1602275647222995,1.2807702377438546,0.09844722226262093,-0.12054267302155508
15,0.25,3,20,0.31396878458663385,4.709531768799508,0.851042628288269,0,0.22089982821406248,0.8713541666666667,0.8369791666666668,0.6989583333333333,0.5057291666666667,-0.13802083333333348,0.19322916666666667,0.8151425950229167,0.8235284425318241,0.9680187344551087,1.0820324882864951,0.14449029192328455,-0.11401375383138646
15,0.25,4,20,0.3307965294181644,4.961947941272466,0.7087734937667847,0,0.22333318165635854,0.8175824175824177,0.7615384615384616,0.6868131868131868,0.5516483516483516,-0.07472527472527479,0.13516483516483524,0.879261333681643,0.9166350421495736,1.0789025287143885,1.191057994775474,0.16226748656481493,-0.11215546606108551
15,0.25,5,20,0.3115169592041279,4.672754388061919,0.9019179344177246,0,0.22271812235901148,0.931818181818182,0.9434343434343433,0.7388888888888888,0.5136363636363636,-0.20454545454545447,0.22525252525252526,0.9033909037709236,0.934199508279562,0.9920939438045024,1.0607147634029388,0.057894435524940446,-0.06862081959843636
15,0.25,6,20,0.3145045393927839,4.717568090891758,0.7326716184616089,0,0.20750086850071142,0.8285714285714286,0.8565934065934068,0.6906593406593406,0.5159340659340659,-0.16593406593406612,0.17472527472527477,0.7940913699567318,0.8474249802529812,0.9439866796135903,0.9638478394597769,0.0965616993606091,-0.019861159846186638
15,0.25,7,20,0.3313064509781403,4.969596764672104,0.9167003631591797,0,0.23675585074838018,0.997979797979798,0.9525252525252522,0.748989898989899,0.5525252525252526,-0.20353535353535324,0.19646464646464634,0.9202145542949438,1.000405252352357,1.1354314852505922,1.2467456500977279,0.13502623289823523,-0.11131416484713563
15,1.0,0,20,0.32372883445121453,4.855932516768218,1.1251047849655151,0,0.7721116158785745,0.7833333333333334,0.8426666666666666,0.748,0.5833333333333333,-0.09466666666666657,0.16466666666666674,0.9449283391237259,0.9717033118009567,1.0309559606015681,1.0521637082099915,0.05925264880061143,-0.021207747608423366
15,1.0,1,20,0.33665160445459175,5.049774066818876,1.0389236211776733,0,0.8804139984462424,0.8776041666666666,0.8953125000000002,0.7916666666666666,0.5765625,-0.10364583333333355,0.21510416666666665,0.7616287240758538,0.8943306848406791,0.8172672174870967,0.9293437294661999,-0.07706346735358238,-0.11207651197910318
15,1.0,2,20,0.34139957687242267,5.12099365308634,1.063357949256897,0,0.9790733319234606,0.8474999999999999,0.9019999999999999,0.7914999999999999,0.5720000000000001,-0.11050000000000004,0.2194999999999998,0.7399043381214142,0.7819720081984997,0.7220592282712459,0.8453209772706032,-0.059912779927253745,-0.12326174899935727
15,1.0,3,20,0.3750015088960941,5.625022633441412,1.0388044118881226,0,0.9185641724649878,0.8373737373737373,0.788888888888889,0.7191919191919192,0.5601010101010101,-0.06969696969696981,0.15909090909090906,0.8441739762201905,0.9120244761928916,1.0183446113020183,1.1811862118542193,0.10632013510912663,-0.1628416005522011
15,1.0,4,20,0.37161170593328846,5.574175588999327,0.9301467537879944,0,0.884340291468335,0.9296875,0.8546875,0.7265625,0.5494791666666666,-0.12812500000000004,0.17708333333333337,0.8459640808403492,0.8896290004253388,0.7906246911734343,0.8063586676493287,-0.09900430925190451,-0.015733976475894473
15,1.0,5,20,0.3562083450281197,5.343125175421796,0.7756450772285461,0,0.6912597621148394,0.9796875,0.978125,0.81484375,0.4734375,-0.16328125000000004,0.34140624999999997,0.7766869880259037,0.8218283131718636,0.8907762579619884,0.9514145210385323,0.0689479447901249,-0.06063826307654385
15,1.0,6,20,0.3551343478935706,5.3270152184035595,0.9932412505149841,0,0.8465712461873791,0.8151041666666667,0.8213541666666668,0.753125,0.5807291666666666,-0.06822916666666679,0.17239583333333341,1.0881994798779488,1.1858134776353837,0.9613116651773452,1.0393690504133701,-0.22450181245803846,-0.0780573852360249
15,1.0,7,20,0.356217629143767,5.343264437156504,1.0263829231262207,3,0.8354194773871267,0.8619791666666667,0.8052083333333334,0.7255208333333333,0.534375,-0.07968750000000013,0.19114583333333324,1.222072099149227,1.3079861246049405,1.132994793727994,1.2418268740177154,-0.1749913308769464,-0.10883208028972136
25,0.05,0,20,0.20776178638055678,5.19404465951392,0.8369032144546509,0,0.04757348337203342,0.86010101010101,0.8722222222222221,0.7353535353535354,0.5186868686868686,-0.1368686868686867,0.21666666666666679,0.7758974567055702,0.8015542060136795,0.8847692400217056,1.0196651920676232,0.0832150340080261,-0.13489595204591753
25,0.05,1,20,0.21748512565089728,5.437128141272432,0.7802355289459229,0,0.05107593329716266,0.8272727272727272,0.8510101010101009,0.6762626262626263,0.547979797979798,-0.17474747474747454,0.12828282828282833,0.9324375495314599,0.9457573637366294,0.9661986082792282,1.014189912378788,0.02044124454259877,-0.04799130409955987
25,0.05,2,20,0.2301966051433411,5.754915128583527,0.841246485710144,0,0.0472886984893236,0.858080808080808,0.9499999999999998,0.7611111111111111,0.4974747474747475,-0.18888888888888877,0.26363636363636356,0.8902987383306027,0.9226300865411758,0.8957245506346225,0.9995837226510048,-0.026905535906553313,-0.10385917201638228
25,0.05,3,20,0.23047720835048596,5.761930208762149,0.8036827445030212,0,0.03948887001117155,0.981547619047619,0.9904761904761905,0.7934523809523809,0.5142857142857145,-0.1970238095238096,0.27916666666666645,0.8347275257110596,0.8602874532341958,0.8442873492836952,0.876980510354042,-0.016000103950500555,-0.03269316107034681
25,0.05,4,20,0.2234091387838594,5.585228469596485,0.8158732652664185,0,0.04468384081815613,0.8240000000000002,0.8554999999999999,0.739,0.5615,-0.11649999999999994,0.1775,0.896997706592083,0.9202849432826042,1.0093763291835784,1.1144489005208016,0.08909138590097421,-0.10507257133722314
25,0.05,5,20,0.22003320191677309,5.500830047919327,0.7778103351593018,0,0.05035462121932814,0.8752525252525253,0.865151515151515,0.7575757575757576,0.5611111111111111,-0.10757575757575744,0.19646464646464645,1.016938117146492,1.048943193256855,1.0805428564548492,1.1743247404694557,0.03159966319799423,-0.09378188401460652
25,0.05,6,20,0.22266652619717767,5.566663154929442,0.6585073471069336,0,0.04565953995996126,0.9956043956043956,0.9571428571428571,0.7802197802197803,0.5912087912087912,-0.17692307692307674,0.18901098901098912,1.121673871576786,1.1500243946909905,1.1336841434240341,1.2204606413841248,-0.016340251266956374,-0.08677649796009068
25,0.05,7,20,0.22099688010825314,5.524922002706329,0.8461474180221558,0,0.03939254606135219,0.9313333333333335,0.9273333333333333,0.7133333333333334,0.5646666666666668,-0.21399999999999997,0.1486666666666666,0.9667417615652084,0.9914517730474472,1.0608823955059052,1.1454588040709495,0.06943062245845799,-0.08457640856504423
25,0.25,0,20,0.22332563326830385,5.583140831707596,0.8695967793464661,0,0.25097963058731754,0.8945000000000001,0.9255000000000002,0.7585000000000001,0.5189999999999999,-0.16700000000000015,0.23950000000000016,1.0354110211133958,1.049684078991413,1.1305522561073302,1.2566649347543717,0.0808681771159172,-0.12611267864704145
25,0.25,1,20,0.21466382017209257,5.366595504302314,0.8614538908004761,0,0.2355082078076091,0.9259999999999999,0.89,0.7610000000000001,0.5165000000000001,-0.1289999999999999,0.24450000000000005,0.9785423159599305,0.9897812992334366,1.0546601116657257,1.1222877398133277,0.0648788124322891,-0.06762762814760204
25,0.25,2,20,0.21590788801330998,5.3976972003327495,0.7168775796890259,0,0.22587687462325784,1.0,1.0,0.923,0.5855,-0.07699999999999996,0.3375,0.8830942675471306,0.9392053008079528,0.9324103266000747,1.1438136845827103,-0.006794974207878113,-0.21140335798263554
25,0.25,3,20,0.21707843012229305,5.426960753057326,0.828161358833313,0,0.21933741771481477,0.9395604395604396,0.9010989010989011,0.726923076923077,0.5417582417582417,-0.1741758241758241,0.18516483516483528,0.9681053459644318,0.962982776761055,0.9509911477565766,0.9731460407376289,-0.011991629004478477,-0.022154892981052332
25,0.25,4,20,0.22351271034016407,5.587817758504102,0.7750037908554077,0,0.17044639385804303,0.99921875,1.0,0.92734375,0.49921875,-0.07265624999999998,0.42812500000000003,0.9074777409434318,0.9362776547670364,0.9387425139546395,1.0329905286431313,0.0024648591876030856,-0.09424801468849187
25,0.25,5,20,0.2201601175014901,5.504002937537252,0.8172146677970886,0,0.1945227156480409,0.9916666666666668,0.9690476190476192,0.8273809523809523,0.5851190476190476,-0.14166666666666683,0.24226190476190468,1.0419225811958313,1.0529763296246528,1.126010300219059,1.1594957903027534,0.07303397059440608,-0.0334854900836945
25,0.25,6,20,0.22038777961388198,5.50969449034705,0.7929581999778748,0,0.24957246400910335,0.9797979797979796,0.9671717171717171,0.7929292929292929,0.5611111111111111,-0.1742424242424242,0.2318181818181818,0.7497388914227485,0.7631615564227104,0.826990869641304,0.9139977663755416,0.06382931321859353,-0.08700689673423767
25,0.25,7,20,0.21187070316463402,5.29676757911585,0.8633001446723938,0,0.23726254141557618,0.9970000000000001,1.0,0.897,0.618,-0.10299999999999998,0.279,0.9204839423298836,0.9391154184937477,0.9804185494780541,1.0896558448672296,0.04130313098430638,-0.10923729538917548
25,1.0,0,20,0.2629162907754104,6.57290726938526,0.9282047152519226,0,0.8555691546325743,0.6829670329670329,0.6362637362637361,0.6939560439560439,0.5697802197802198,0.05769230769230782,0.12417582417582418,0.663749860227108,0.8366168051958084,0.6482960276305676,0.6996336862444877,-0.1883207775652408,-0.051337658613920145
25,1.0,1,20,0.2684304316016223,6.710760790040557,0.9873054027557373,0,0.8706909684958983,0.8452380952380952,0.9434523809523808,0.8547619047619047,0.568452380952381,-0.0886904761904761,0.2863095238095237,0.9487967103719711,0.9801228635013104,0.9391883626580239,1.0799146503210069,-0.040934500843286536,-0.140726287662983
25,1.0,2,20,0.2615495580839829,6.538738952099572,0.9574081897735596,0,0.7739154181977296,0.8773333333333332,0.9926666666666669,0.8859999999999999,0.598,-0.10666666666666702,0.2879999999999999,0.7599016286432743,0.7846178486943245,0.7654609248042107,0.8783560246229172,-0.01915692389011381,-0.11289509981870649
25,1.0,3,20,0.263446194949033,6.586154873725825,0.9216253161430359,0,0.8643753705601365,0.6328125,0.6666666666666666,0.715625,0.6156250000000001,0.048958333333333326,0.09999999999999987,0.9586556270718575,1.0258729189634324,0.9395434811711312,1.0130587562918663,-0.08632943779230118,-0.07351527512073508
25,1.0,4,20,0.2553987378144239,6.384968445360598,0.948423445224762,0,0.8724694705046643,0.7427083333333334,0.8744791666666666,0.7895833333333333,0.5953125000000001,-0.08489583333333328,0.19427083333333317,0.7933358453214169,0.8265444070100785,0.7799930050969124,0.9029170125722885,-0.04655140191316609,-0.12292400747537613
25,1.0,5,20,0.27408144095790454,6.852036023947614,0.9310077428817749,0,0.9470873585296065,0.7515151515151516,0.6843434343434344,0.7919191919191918,0.63989898989899,0.10757575757575744,0.15202020202020183,0.7162414826452732,0.8294423997402192,0.6766395509243012,0.8181528866291046,-0.152802848815918,-0.1415133357048034
25,1.0,6,20,0.27250367873667924,6.812591968416982,0.9579402208328247,1,0.9244952132182945,0.8614999999999998,0.8959999999999999,0.798,0.58,-0.09799999999999986,0.21800000000000008,0.8122015684843064,0.8487241834402084,0.7461227625608444,0.8097047507762909,-0.10260142087936397,-0.06358198821544647
25,1.0,7,20,0.27058160612301235,6.764540153075309,0.9743221998214722,0,0.8979677617983208,0.8747474747474747,0.9545454545454544,0.7792929292929293,0.5681818181818181,-0.1752525252525251,0.21111111111111114,0.8363754630088807,0.8568534702062607,0.8114340886473655,0.9006900668144227,-0.04541938155889513,-0.0892559781670571
40,0.05,0,20,0.1698873413198475,6.7954936527939,0.7601048946380615,0,0.04102799781772224,0.9423076923076923,0.9346153846153846,0.8478021978021978,0.5950549450549449,-0.08681318681318684,0.25274725274725285,0.9337655425071716,0.9499829828739166,0.9512444928288459,1.0103027090430259,0.0012615099549293518,-0.05905821621417995
40,0.05,1,20,0.14889685025838528,5.955874010335411,0.7431134581565857,0,0.04155223435201862,0.9447916666666668,0.8927083333333334,0.8052083333333334,0.49531249999999993,-0.08750000000000002,0.3098958333333335,0.855111013352871,0.836581964790821,0.9058527544140815,0.9329487085342407,0.0692707896232605,-0.027095954120159194
40,0.05,2,20,0.16283455500299837,6.513382200119935,0.7452922463417053,0,0.037440774243974025,0.926923076923077,0.9241758241758242,0.8395604395604396,0.5313186813186813,-0.08461538461538465,0.30824175824175826,1.0307056248188018,1.0529527097940445,1.0876105427742004,1.1202153891324997,0.0346578329801559,-0.0326048463582993
40,0.05,3,20,0.1540610025022716,6.162440100090864,0.7078535556793213,0,0.04593686528483105,0.894270833333333,0.9130208333333334,0.7869791666666666,0.5229166666666667,-0.12604166666666683,0.26406249999999987,1.0016708970069885,1.001652643084526,1.0331540733575821,1.0670958057045936,0.031501430273056075,-0.03394173234701148
40,0.05,4,20,0.16203253796761924,6.48130151870477,0.7775125503540039,0,0.05029759618975042,0.9838383838383837,0.9343434343434345,0.8126262626262626,0.5535353535353535,-0.12171717171717189,0.25909090909090904,0.9947969257831574,1.0027444034814834,1.0209616243839263,1.0763508975505829,0.018217220902442932,-0.05538927316665654
40,0.05,5,20,0.16331936356409127,6.532774542563651,0.7852129936218262,0,0.0375765654671814,1.0,1.0,0.9595238095238094,0.6160714285714285,-0.040476190476190554,0.34345238095238095,0.9028962582349778,0.9174927532672882,0.933544734120369,1.02167167365551,0.016051980853080794,-0.08812693953514106
40,0.05,6,20,0.16506438615391475,6.60257544615659,0.6871353983879089,0,0.04085315502012255,0.9686666666666668,0.9773333333333334,0.8626666666666667,0.5593333333333333,-0.1146666666666667,0.30333333333333334,0.955843260884285,0.9763115331530571,1.0040978133678435,1.07500007301569,0.027786280214786463,-0.07090225964784636
40,0.05,7,20,0.15948847349894982,6.3795389399579925,0.7468218207359314,0,0.04692858643851887,0.9794999999999998,0.9419999999999998,0.8779999999999999,0.587,-0.06399999999999995,0.2909999999999999,1.003236322104931,1.0421039372682572,1.0711142033338548,1.1605134189128876,0.029010266065597534,-0.08939921557903285
40,0.25,0,20,0.16799187673783267,6.719675069513307,0.7628422379493713,0,0.24572154162543955,0.9970000000000001,0.9944999999999998,0.9085000000000001,0.578,-0.08599999999999974,0.3305000000000001,0.9299592047929763,0.9419523268938065,0.9556823313236237,1.0432438969612121,0.0137300044298172,-0.08756156563758843
40,0.25,1,20,0.16001190040279237,6.4004760161116945,0.7088419198989868,0,0.22556040753212575,0.846875,0.8192708333333332,0.7973958333333334,0.5921874999999999,-0.021874999999999756,0.20520833333333355,0.846006278693676,0.870360580086708,0.891912180185318,0.9381519809365273,0.021551600098610013,-0.04623980075120926
40,0.25,2,20,0.1733531811027344,6.934127244109376,0.7238330841064453,0,0.20832503853483186,1.0,1.0,0.9439560439560439,0.6065934065934065,-0.05604395604395607,0.3373626373626374,0.8187574654817581,0.8328585475683212,0.8368354931473732,0.9133040338754654,0.003976945579051927,-0.07646854072809228
40,0.25,3,20,0.16741350396035518,6.696540158414207,0.7629951238632202,0,0.19587812552937364,0.9796703296703297,0.989010989010989,0.882967032967033,0.5445054945054945,-0.106043956043956,0.3384615384615386,0.7661195188760758,0.7861123010516167,0.8505320742726326,0.9769563972949982,0.06441977322101589,-0.12642432302236561
40,0.25,4,20,0.16158698790201317,6.463479516080527,0.7758498191833496,0,0.24412830974266803,0.953125,0.9708333333333334,0.8645833333333334,0.5682291666666666,-0.10625000000000007,0.2963541666666668,0.9896029382944107,0.9943200290203095,1.020343180000782,1.0664070650935173,0.026023150980472587,-0.04606388509273529
40,0.25,5,20,0.1539937984479784,6.159751937919136,0.7253397107124329,0,0.21121472890365084,1.0,1.0,0.9244791666666666,0.6338541666666667,-0.07552083333333337,0.2906249999999999,0.7787626147270202,0.7760928332805633,0.8119697287678719,0.8641284659504891,0.03587689548730855,-0.05215873718261721
40,0.25,6,20,0.16427945236336094,6.571178094534438,0.7530196905136108,0,0.21771954585267092,0.8141414141414142,0.9030303030303031,0.8227272727272726,0.5762626262626263,-0.08030303030303043,0.2464646464646464,0.8356811061501503,0.8660927385091781,0.909082555770874,0.9814371213316917,0.04298981726169593,-0.07235456556081765
40,0.25,7,20,0.16734798035881465,6.6939192143525865,0.7596386671066284,0,0.22275679307710994,1.0,0.9984375,0.9276041666666666,0.5869791666666667,-0.07083333333333341,0.34062499999999984,0.8548261374235153,0.8645263910293579,0.8777015209197998,0.9502372205257416,0.013175129890441895,-0.07253569960594175
40,1.0,0,20,0.23156566330292272,9.262626532116908,0.9297725558280945,0,0.894753527841617,0.9109374999999998,0.9526041666666666,0.871875,0.6791666666666667,-0.08072916666666663,0.19270833333333326,0.6751933999359607,0.772579662501812,0.6651857890188694,0.8552303358912468,-0.1073938734829426,-0.19004454687237737
40,1.0,1,20,0.25297793628352083,10.119117451340834,0.9244046807289124,0,0.9865290996710121,0.8444444444444443,0.9025252525252527,0.8368686868686869,0.6939393939393941,-0.06565656565656586,0.1429292929292928,0.8591771468520164,0.985479399561882,0.7102423921227455,0.7773189648985863,-0.2752370074391365,-0.06707657277584078
40,1.0,2,20,0.20663065463019392,8.265226185207757,0.8681250810623169,0,0.7180514029261756,0.7647058823529413,0.6931372549019607,0.7676470588235295,0.5637254901960785,0.0745098039215688,0.20392156862745092,0.8661133661866188,0.8985236704349517,0.8241093337535859,0.9397297918796539,-0.07441433668136588,-0.11562045812606803
40,1.0,3,20,0.21926204713596673,8.770481885438668,0.9009574055671692,0,0.8350929869677748,0.85,0.8375,0.8392857142857144,0.6702380952380951,0.0017857142857143904,0.16904761904761934,0.623295471817255,0.6479080855846405,0.6322927236557007,0.7485564619302749,-0.015615361928939864,-0.11626373827457426
40,1.0,4,20,0.22688889627171238,9.075555850868495,0.8872776627540588,0,0.8791355139935547,0.8131868131868133,0.7846153846153847,0.8027472527472529,0.6428571428571427,0.01813186813186818,0.1598901098901102,1.0111462786793708,1.0158091813325882,0.8411562703549862,0.905232486128807,-0.17465291097760205,-0.06407621577382083
40,1.0,5,20,0.22447239280704287,8.978895712281714,0.8992593884468079,0,0.8203036709954452,0.9911458333333334,0.8875,0.8302083333333334,0.6661458333333333,-0.05729166666666652,0.1640625000000001,0.741689196228981,0.7873639270663262,0.7063586443662644,0.796062184870243,-0.0810052827000618,-0.08970354050397866
40,1.0,6,20,0.21641947008938078,8.656778803575232,0.869698703289032,1,0.8238701310703025,0.7946428571428573,0.8494047619047619,0.7726190476190476,0.6452380952380952,-0.07678571428571423,0.12738095238095248,0.8522408351302146,0.8956491887569428,0.8144503355026245,0.9363679468631745,-0.0811988532543183,-0.12191761136055002
40,1.0,7,20,0.23228380225993178,9.291352090397272,0.921597957611084,0,0.9464870767203071,0.865625,0.9276041666666666,0.815625,0.675,-0.11197916666666652,0.140625,1.0257265657186507,1.094346995651722,0.9202686890959739,1.024916633963585,-0.17407830655574807,-0.10464794486761098
80,0.05,0,20,0.10104592389486379,8.083673911589104,0.6377191543579102,0,0.03925401684029011,1.0,0.9720238095238095,0.9125,0.5863095238095238,-0.059523809523809534,0.32619047619047614,0.8278128251433372,0.8371231272816658,0.861979503929615,0.9233869105577469,0.024856376647949152,-0.06140740662813193
80,0.05,1,20,0.10918796192296719,8.735036953837374,0.6701019406318665,0,0.04502976664486087,1.0,1.0,0.9578124999999998,0.6604166666666667,-0.042187500000000155,0.2973958333333332,0.9386673599481583,0.9527605533599853,0.9771461069583893,1.0537692934274674,0.024385553598403997,-0.07662318646907806
80,0.05,2,20,0.10370544314400666,8.296435451520534,0.6564247608184814,0,0.046256997824011645,1.0,1.0,0.9557291666666667,0.659375,-0.04427083333333326,0.2963541666666667,0.8981038957834244,0.8969473004341125,0.9155768722295761,0.9512367725372315,0.01862957179546354,-0.03565990030765542
80,0.05,3,20,0.10520851941397362,8.41668155311789,0.6571530103683472,0,0.04106899560954515,1.0,1.0,0.9593406593406595,0.6071428571428571,-0.040659340659340515,0.3521978021978024,0.8351571530103683,0.831704393029213,0.842745378613472,0.8830610632896423,0.011040985584259033,-0.040315684676170305
80,0.05,4,20,0.1146717704944746,9.173741639557969,0.6509483456611633,0,0.04088970530468299,1.0,1.0,0.9600000000000002,0.5479999999999999,-0.039999999999999813,0.41200000000000025,0.925981679558754,0.9321549862623215,0.9379349052906036,0.9925942033529281,0.005779919028282121,-0.0546592980623245
80,0.05,5,20,0.10996127803353796,8.796902242683037,0.6477683186531067,0,0.03877677801128225,1.0,1.0,0.96,0.6060000000000001,-0.040000000000000036,0.35399999999999987,0.9054137110710144,0.9069939166307449,0.9277341902256012,0.9640494644641876,0.020740273594856307,-0.03631527423858638
80,0.05,6,20,0.10772272647146813,8.617818117717452,0.6599189639091492,0,0.04957986789455572,0.9732323232323232,0.974242424242424,0.9262626262626263,0.607070707070707,-0.04797979797979768,0.31919191919191936,0.885794386267662,0.8862395793199539,0.916421502828598,0.9791810005903244,0.030181923508644126,-0.0627594977617264
80,0.05,7,20,0.10840490719068159,8.672392575254527,0.674091637134552,0,0.0518064714055947,1.0,1.0,0.96875,0.6557291666666666,-0.03125,0.3130208333333334,0.828415048122406,0.8385689586400986,0.8303196430206299,0.8915710151195526,-0.008249315619468733,-0.06125137209892273
80,0.25,0,20,0.12130009728971985,9.704007783177587,0.6876316666603088,0,0.24847464706719163,0.8999999999999998,0.9099999999999999,0.873,0.6355000000000002,-0.03699999999999992,0.23749999999999982,0.8374468460679054,0.8443005949258804,0.8665658444166183,0.9185378849506378,0.022265249490737937,-0.05197204053401949
80,0.25,1,20,0.11833658218112239,9.466926574489792,0.6883540153503418,0,0.22668689238103434,1.0,1.0,0.9656565656565655,0.6343434343434343,-0.034343434343434454,0.3313131313131312,0.8037523299455642,0.818055835366249,0.8141124367713928,0.8858705759048462,-0.003943398594856262,-0.07175813913345341
80,0.25,2,20,0.11673964424013387,9.33917153921071,0.6684007048606873,0,0.19929839298410953,0.9950549450549451,0.993956043956044,0.9098901098901099,0.6159340659340659,-0.0840659340659341,0.293956043956044,0.8590239092707634,0.8641434848308563,0.8626335352659226,0.9043750464916229,-0.0015099495649337769,-0.041741511225700356
80,0.25,3,20,0.11331436979987107,9.065149583989685,0.6685267686843872,0,0.20527853924360837,1.0,1.0,0.8946666666666667,0.602,-0.10533333333333328,0.29266666666666674,0.9098728999495507,0.924483934044838,0.9455012172460556,1.0098623752593994,0.02101728320121765,-0.06436115801334374
80,0.25,4,20,0.1166537374275436,9.332298994203489,0.6665045022964478,0,0.2037142878477139,1.0,1.0,0.9863095238095237,0.6678571428571429,-0.013690476190476253,0.3184523809523808,0.8677250921726227,0.8683980911970138,0.8927712112665176,0.9374814093112945,0.024373120069503762,-0.04471019804477694
80,0.25,5,20,0.1174513317632689,9.396106541061512,0.661038875579834,0,0.22280006079012163,0.9929292929292929,0.9702020202020201,0.905050505050505,0.656060606060606,-0.06515151515151507,0.24898989898989898,0.9224452108144761,0.9417119204998017,0.945856922864914,1.008930394053459,0.0041450023651122825,-0.06307347118854512
80,0.25,6,20,0.11370478415320377,9.096382732256302,0.647905170917511,0,0.2106036675074492,0.8714285714285716,0.8741758241758243,0.7862637362637364,0.6076923076923076,-0.08791208791208793,0.17857142857142871,0.982978954911232,0.9951000988483429,0.9988777428865433,1.0493654251098632,0.003777644038200356,-0.050487682223319896
80,0.25,7,20,0.12539487005905478,10.031589604724383,0.7163876295089722,0,0.24053112346458666,0.998,0.9974999999999999,0.9480000000000001,0.6435,-0.04949999999999988,0.3045000000000001,0.8564577341079712,0.8590347915887833,0.8480756610631943,0.9282725423574447,-0.010959130525588945,-0.0801968812942504
80,1.0,0,20,0.18526248305546172,14.820998644436937,0.831327497959137,0,0.838342155331512,0.9898809523809522,0.995238095238095,0.8857142857142856,0.7339285714285714,-0.10952380952380947,0.1517857142857142,0.8903407260775567,0.8734798535704613,0.8089431673288345,0.8467579051852226,-0.06453668624162678,-0.037814737856388114
80,1.0,1,20,0.1987525310133201,15.900202481065609,0.8448119759559631,0,0.9092128836376474,0.9272727272727271,0.972222222222222,0.9242424242424242,0.7141414141414141,-0.04797979797979779,0.21010101010101012,0.6666670918464661,0.7451276391744613,0.6094348147511482,0.7217931389808655,-0.1356928244233131,-0.11235832422971725
80,1.0,2,20,0.19755489022136058,15.804391217708847,0.8411501049995422,0,0.8597345631271581,0.8333333333333333,0.8197916666666666,0.8598958333333332,0.7270833333333333,0.04010416666666661,0.1328124999999999,0.8509324193000793,0.8666250020265579,0.78590607047081,0.8608843743801117,-0.08071893155574794,-0.07497830390930171
80,1.0,3,20,0.20030830701674382,16.024664561339506,0.8529835343360901,1,0.85242668360536,0.8823232323232324,0.8919191919191919,0.8464646464646464,0.704040404040404,-0.045454545454545525,0.14242424242424234,0.8963917985558509,0.9353813782334328,0.7875292554497719,0.930771817266941,-0.1478521227836609,-0.1432425618171691
80,1.0,4,20,0.17878334439789498,14.302667551831599,0.864611029624939,0,0.7963661840646913,0.9086666666666666,0.7226666666666668,0.8320000000000001,0.7806666666666666,0.10933333333333328,0.05133333333333345,0.8238291352987289,0.8549574047327042,0.7551556289196014,0.8261769324541092,-0.09980177581310279,-0.07102130353450775
80,1.0,5,20,0.18415619219419027,14.732495375535223,0.8316636681556702,0,0.8350282721693046,1.0,1.0,0.9340659340659341,0.7516483516483515,-0.06593406593406592,0.18241758241758255,0.851371493935585,0.85598955899477,0.7854708880186081,0.8659987106919289,-0.07051867097616193,-0.08052782267332081
80,1.0,6,20,0.20487030750202215,16.38962460016177,0.8534377813339233,0,0.9134784611177432,0.7555555555555556,0.6267676767676768,0.7676767676767677,0.7287878787878787,0.14090909090909098,0.038888888888889084,0.9517940416932106,0.9874842420220376,0.7758350476622582,0.8537556648254394,-0.21164919435977936,-0.07792061716318122
80,1.0,7,20,0.19389976188670768,15.511980950936614,0.8318232297897339,1,0.8625940743420164,0.9884615384615385,0.9868131868131869,0.9148351648351648,0.737912087912088,-0.07197802197802206,0.17692307692307685,0.9263307094573975,0.9220060363411904,0.8631386011838913,0.91972746104002,-0.058867435157299086,-0.056588859856128715
150,0.05,0,20,0.08014496540446311,12.021744810669468,0.6462134122848511,0,0.04966752361109575,1.0,1.0,0.9549999999999998,0.7425000000000002,-0.04500000000000015,0.2124999999999997,0.8418731480836869,0.8523607462644577,0.8573330879211426,0.9255525410175324,0.00497234165668492,-0.06821945309638977
150,0.05,1,20,0.07704754618512398,11.557131927768596,0.6218276619911194,0,0.04910833881327419,1.0,1.0,0.9914999999999999,0.758,-0.008500000000000063,0.23349999999999993,0.8864286601543426,0.8916025012731552,0.8996792018413544,0.9428899019956589,0.008076700568199202,-0.043210700154304504
150,0.05,2,20,0.07868563192814398,11.802844789221597,0.6042878031730652,0,0.0516175121920168,1.0,1.0,0.9880000000000001,0.7554999999999998,-0.0119999999999999,0.23250000000000026,0.8742325335741044,0.8756081730127334,0.8760938256978988,0.9253485292196274,0.0004856526851654275,-0.04925470352172856
150,0.05,3,20,0.07971538319489442,11.957307479234164,0.6208696365356445,0,0.042199140259830493,0.9733333333333333,0.9913333333333334,0.9426666666666668,0.7613333333333333,-0.048666666666666636,0.18133333333333346,0.8340818524360657,0.8341317564249039,0.8472958415746689,0.8809523224830628,0.01316408514976497,-0.033656480908393904
150,0.05,4,20,0.07461063320979724,11.191594981469587,0.617393434047699,0,0.04257544910737618,1.0,1.0,0.9978021978021978,0.7532967032967033,-0.00219780219780219,0.24450549450549453,0.9432169049978256,0.941269251704216,0.9459901124238967,0.9823444426059723,0.004720860719680697,-0.03635433018207557
150,0.05,5,20,0.07372941834937256,11.059412752405885,0.6153064966201782,0,0.04374395810846638,1.0,1.0,0.9959595959595958,0.7494949494949494,-0.0040404040404041774,0.2464646464646464,0.8530388593673706,0.8569289892911911,0.8606416553258895,0.8887440621852875,0.003712666034698442,-0.02810240685939791
150,0.05,6,20,0.07738000431023123,11.607000646534685,0.6158208847045898,0,0.04062115576841244,0.9880952380952379,0.9874999999999998,0.9398809523809524,0.7154761904761904,-0.04761904761904745,0.224404761904762,0.8993253201246262,0.9062998086214066,0.9129998922348023,0.9632133215665817,0.006700083613395691,-0.05021342933177941
150,0.05,7,20,0.07793907786616763,11.690861679925145,0.5976095199584961,0,0.042521729251636345,1.0,1.0,0.9934065934065934,0.7379120879120877,-0.00659340659340657,0.2554945054945057,0.9272374480962753,0.931887298822403,0.9377035915851593,0.9823625922203064,0.005816292762756303,-0.04465900063514716
150,0.25,0,20,0.08572032735428751,12.858049103143127,0.6397952437400818,0,0.22442202280357826,1.0,1.0,0.9901041666666666,0.7479166666666667,-0.009895833333333437,0.2421874999999999,0.8915451824665069,0.8976477384567261,0.8937247157096863,0.930121973156929,-0.003923022747039817,-0.03639725744724276
150,0.25,1,20,0.097205291797451,14.58079376961765,0.6278564929962158,0,0.25939649099263457,0.9963541666666667,0.9927083333333332,0.9421875,0.68125,-0.05052083333333324,0.26093749999999993,0.8573949784040451,0.8628470808267593,0.8627735376358032,0.9079395651817321,-7.354319095609352e-05,-0.04516602754592891
150,0.25,2,20,0.08573331819947963,12.859997729921945,0.6252769827842712,0,0.21351868402011212,1.0,1.0,1.0,0.7976190476190476,0.0,0.20238095238095244,0.9100359588861465,0.9152692317962646,0.9091105669736862,0.9522042036056518,-0.00615866482257843,-0.04309363663196564
150,0.25,3,20,0.08154768362861667,12.2321525442925,0.6215105056762695,0,0.19434062788949527,1.0,1.0,0.9780000000000001,0.7613333333333333,-0.02199999999999991,0.21666666666666679,0.9211343884468078,0.9290110051631928,0.9264076054096222,0.991473713517189,-0.002603399753570601,-0.06506610810756686
150,0.25,4,20,0.08806542603495048,13.209813905242571,0.6178654432296753,0,0.21558299695105196,1.0,1.0,0.9939393939393939,0.7267676767676768,-0.0060606060606061,0.26717171717171706,0.9221337080001831,0.932143098115921,0.9339231073856353,1.0047616839408875,0.0017800092697143333,-0.07083857655525216
150,0.25,5,20,0.08991855511588627,13.487783267382941,0.6411880254745483,0,0.21595051753393135,1.0,1.0,0.9692708333333334,0.68125,-0.030729166666666585,0.2880208333333334,0.8985002398490906,0.9013559341430664,0.9036104410886765,0.9482543230056762,0.002254506945610135,-0.04464388191699975
150,0.25,6,20,0.09148333484067235,13.722500226100852,0.6264223456382751,0,0.22856078414559894,1.0,1.0,0.964141414141414,0.657070707070707,-0.035858585858586034,0.30707070707070694,0.9259082287549972,0.9289318263530731,0.9326204538345337,0.9676897913217545,0.0036886274814605935,-0.03506933748722074
150,0.25,7,20,0.09250247319045549,13.875370978568323,0.6397626399993896,0,0.25577412179718595,1.0,1.0,0.978,0.6715000000000001,-0.02200000000000002,0.3064999999999999,0.8533092856407165,0.8581101924180985,0.8574291974306106,0.8907889634370804,-0.0006809949874878596,-0.03335976600646973
150,1.0,0,20,0.1519548427552402,22.793226413286032,0.8026785850524902,0,0.7896721998518317,0.84375,0.878125,0.92578125,0.825,0.047656249999999956,0.10078125000000004,0.8736660480499268,0.8781443268060685,0.8057217419147491,0.9021289259195328,-0.07242258489131936,-0.09640718400478365
150,1.0,1,20,0.19083195225316807,28.62479283797521,0.8556954860687256,0,0.8751633442054295,0.8210000000000003,0.8925000000000001,0.9110000000000001,0.745,0.018500000000000072,0.16600000000000015,0.8811080008745193,0.9167782813310623,0.7573329344391823,0.865845388174057,-0.15944534689188006,-0.10851245373487473
150,1.0,2,20,0.18018289555903233,27.02743433385485,0.8567332029342651,1,0.9323846654321265,0.9696969696969694,0.9601010101010099,0.9065656565656566,0.7727272727272727,-0.053535353535353325,0.13383838383838387,0.6524029701948166,0.6971447631716728,0.5746096044778823,0.7239425346255303,-0.1225351586937905,-0.14933293014764792
150,1.0,3,20,0.16744991044313187,25.11748656646978,0.7918188571929932,1,0.85254388396836,0.9576923076923076,0.9752747252747251,0.9302197802197802,0.7565934065934063,-0.045054945054944895,0.1736263736263739,0.7677978694438934,0.7847028523683548,0.7020437747240067,0.7603341042995453,-0.0826590776443481,-0.05829032957553859
150,1.0,4,20,0.15010342081286682,22.515513121930024,0.7386391758918762,0,0.7465479192092779,0.974,0.946,0.9039999999999999,0.7646666666666667,-0.04200000000000004,0.1393333333333332,0.8926137983798981,0.9007812887430191,0.8148846745491027,0.8817149430513382,-0.08589661419391637,-0.0668302685022355
150,1.0,5,20,0.17354112215143636,26.031168322715452,0.7832673192024231,0,0.8808869600808027,0.9453125,0.9505208333333336,0.9208333333333334,0.7869791666666667,-0.0296875000000002,0.13385416666666672,0.6938859909772873,0.7375323966145515,0.637088093161583,0.7916007250547409,-0.10044430345296851,-0.1545126318931579
150,1.0,6,20,0.20931405624989466,31.3971084374842,0.9079827070236206,2,0.9427675602426705,0.9327380952380953,0.9386904761904761,0.9226190476190477,0.7750000000000001,-0.016071428571428403,0.14761904761904754,0.7848458394408226,0.8187343925237656,0.6626749828457832,0.7927906721830368,-0.15605940967798237,-0.1301156893372536
150,1.0,7,20,0.18830891751396453,28.24633762709468,0.8639443516731262,0,0.9236223998903451,1.0,1.0,0.9567708333333333,0.784375,-0.04322916666666665,0.1723958333333333,0.8865431100130081,0.893386572599411,0.779498353600502,0.8322628706693649,-0.113888218998909,-0.05276451706886287
