arm,rep,block_T,n_units,mse_hn,mse_poolB,gap,win,delta_mag,tau2_learned,bv_nc,noise_floor,snr
mixed,0,25,10,0.7691633880138398,0.6951934516429901,0.07396993637084961,0.4,0.23382656946778296,0.8149504065513611,0.13137129963555258,0.2216286965099764,0.5927540147294916
mixed,0,40,10,0.8064265489578247,0.9387966454029083,-0.13237009644508363,0.5,0.2453926056623459,0.8149504065513611,0.14975956554621342,0.15822605520588995,0.9464911790371087
mixed,0,80,10,0.7315926283597947,0.7244495898485184,0.007143038511276245,0.5,0.1646346777677536,0.8149504065513611,0.12166416614935402,0.10546594553627064,1.1535872127322147
homog80,0,80,30,0.798274576663971,0.9009982953468959,-0.1027237186829249,0.6666666666666666,0.13861261519292992,0.7336205840110779,0.11676888964458235,0.1060403066343656,1.1011745755056108
homog40,0,40,30,0.7753282487392426,0.8401799519856771,-0.06485170324643454,0.6333333333333333,0.20355823040008544,0.8029749989509583,0.12801855004487478,0.16031241775125005,0.7985566672914616
homog25,0,25,30,0.7970644901196162,0.8655114829540252,-0.06844699283440908,0.6,0.24398248270154,0.8768068552017212,0.14237514073394367,0.22341407335654792,0.6372702426257915
mixed,1,25,10,0.8333167374134064,0.8024625420570374,0.03085419535636902,0.7,0.22341808229684829,0.8180345892906189,0.1331122383544914,0.22744106404999606,0.5852603570533362
mixed,1,40,10,0.847093465924263,0.903628197312355,-0.05653473138809204,0.8,0.16724393591284753,0.8180345892906189,0.15513787240378762,0.15372256141918508,1.0092069177844567
mixed,1,80,10,0.6250160813331604,0.8237308025360107,-0.19871472120285033,0.9,0.22642246559262275,0.8180345892906189,0.1494409217016311,0.10308592080947979,1.4496734425821658
homog80,1,80,30,0.6926967243353526,0.7894785900910696,-0.09678186575571696,0.7,0.175192166864872,0.7867727279663086,0.13872913433750497,0.10399813412880285,1.3339579166457678
homog40,1,40,30,0.7356699446837107,0.9274499853452046,-0.19178004066149393,0.7333333333333333,0.2211698775490125,0.8547452092170715,0.1593747094189102,0.15987547899670926,0.9968677524474571
homog25,1,25,30,0.6850711939235529,0.6896403533716996,-0.00456915944814682,0.36666666666666664,0.25226407771309217,0.8879483342170715,0.1563268370944809,0.21539073042781884,0.7257825663341103
mixed,2,25,10,0.8057882100343704,0.8682647675275803,-0.062476557493209836,0.4,0.2523564726114273,0.8338358998298645,0.15485707790945383,0.21046793266018882,0.7357751651387124
mixed,2,40,10,0.808971232175827,0.8380047440528869,-0.029033511877059937,0.5,0.17471774518489838,0.8338358998298645,0.15268269806644927,0.15932971978196572,0.9582813443429603
mixed,2,80,10,0.7500965505838394,0.8309407353401184,-0.080844184756279,0.8,0.1878153160214424,0.8338358998298645,0.16578764159339376,0.10197843410427669,1.6257127602476207
homog80,2,80,30,0.7009609619776408,0.7944216231505076,-0.09346066117286682,0.8333333333333334,0.17270142485698065,0.8242105841636658,0.1655980514821514,0.10042710090778126,1.6489378861410564
homog40,2,40,30,0.6998914937178294,0.8109528442223867,-0.11106135050455729,0.6,0.2214475524922212,0.8727642893791199,0.19933703889501264,0.1554161992234097,1.2826014269494972
homog25,2,25,30,0.7365140974521637,0.7277678777774175,0.008746219674746196,0.4666666666666667,0.29012482638160386,0.9348739981651306,0.17540535150601286,0.21449906824733747,0.8177441186073316
mixed,3,25,10,0.7303642600774765,0.7177227079868317,0.012641552090644836,0.6,0.21576815620064735,0.8048135042190552,0.14354503319294737,0.2231809805844341,0.643177715310025
mixed,3,40,10,0.7431978732347488,0.7998493790626526,-0.05665150582790375,1.0,0.1947539769113064,0.8048135042190552,0.12624784744096668,0.16226647476032524,0.7780279175192555
mixed,3,80,10,0.8452820241451263,0.989336121082306,-0.14405409693717958,0.7,0.17364216595888138,0.8048135042190552,0.11121612139907239,0.10888475865067097,1.0214112863663591
homog80,3,80,30,0.8020255972941717,0.9625115156173706,-0.16048591832319895,0.8333333333333334,0.12585683564345043,0.7212876677513123,0.09980058117836783,0.10727628364680304,0.9303135584650915
homog40,3,40,30,0.8342103660106659,0.953482382496198,-0.11927201648553212,0.5333333333333333,0.19094886978467304,0.8067507147789001,0.10048290518806029,0.165499407574441,0.6071496367312581
homog25,3,25,30,1.0891797651847204,1.0204102754592896,0.0687694897254308,0.3333333333333333,0.22983641251921655,0.7909730076789856,0.1310770240458927,0.2284581207511416,0.5737463987488294
mixed,4,25,10,0.8116688817739487,0.8698569655418396,-0.05818808376789093,0.8,0.22828174754977226,0.8896064758300781,0.16768937071598633,0.22405100763280494,0.7484428322268956
mixed,4,40,10,0.5531649380922318,0.8175649017095565,-0.2643999636173248,0.8,0.21534086540341377,0.8896064758300781,0.16270465183662874,0.15389747131229062,1.0572275843731473
mixed,4,80,10,0.5789110481739044,0.7504267245531082,-0.17151567637920379,0.8,0.22137733101844786,0.8896064758300781,0.16513024576285168,0.10220360305052514,1.6156988680841151
homog80,4,80,30,0.7077087422211965,0.8747995396455129,-0.1670907974243164,0.8,0.18246782099207243,0.850149393081665,0.17640881965548807,0.10236747694823639,1.7232897099211673
homog40,4,40,30,0.8562212566534678,0.8867069552342097,-0.030485698580741884,0.5,0.21337750256061555,0.849885106086731,0.17660651049916928,0.1562986055628045,1.1299301734858063
homog25,4,25,30,0.8867460399866104,0.9615967005491257,-0.07485066056251526,0.6333333333333333,0.2515373297035694,0.8868499398231506,0.19279546306982176,0.2144908017727376,0.8988518923720421
mixed,5,25,10,0.9025495886802674,0.9212810277938843,-0.018731439113616945,0.7,0.25362165123224256,0.8238154649734497,0.17205857248260442,0.22079502054093336,0.7792683551516342
mixed,5,40,10,0.698325765132904,0.7933935701847077,-0.0950678050518036,0.9,0.18503299728035927,0.8238154649734497,0.14646985424972006,0.15421648893614887,0.949767792407489
mixed,5,80,10,0.6893805772066116,0.7995684236288071,-0.11018784642219544,0.7,0.16268809735774994,0.8238154649734497,0.14104994227863843,0.10286546333860748,1.371207961357615
homog80,5,80,30,0.7403878579537074,0.8899047722419103,-0.14951691428820293,0.9,0.14770224690437317,0.7714841961860657,0.15152365141827415,0.10335710315092365,1.4660206874898278
homog40,5,40,30,0.7406778951485952,0.8090305005510648,-0.06835260540246964,0.7333333333333333,0.2099905806283156,0.8363679051399231,0.1483232489757207,0.1538878212917837,0.9638400734421204
homog25,5,25,30,0.7567374234398206,0.8261292616526286,-0.06939183821280798,0.6,0.27493851333856584,0.9217175841331482,0.1767915821368236,0.21506336397559736,0.8220441588409435
mixed,6,25,10,1.0522576332092286,1.7669757962226869,-0.7147181630134583,0.6,0.2536382608115673,0.8206381797790527,0.16720627802308488,0.2083069578122272,0.8026917572950615
mixed,6,40,10,0.6932900279760361,0.7254128128290176,-0.03212278485298157,0.7,0.18826794549822806,0.8206381797790527,0.12314492162050282,0.15605541373220672,0.7891102184498465
mixed,6,80,10,0.7156773686408997,0.7531356513500214,-0.0374582827091217,0.7,0.16072296351194382,0.8206381797790527,0.1390172362461137,0.10434135894198807,1.3323310876505337
homog80,6,80,30,0.32794942408800126,0.5777912939588229,-0.24984186987082163,0.7333333333333333,0.15720844448854526,0.7985474467277527,0.14659393801690054,0.1118039519657676,1.3111695556323897
homog40,6,40,30,0.7263178735971451,1.056617299715678,-0.3302994261185328,0.5333333333333333,0.1936443931112687,0.8288015723228455,0.14805839781975919,0.162277555729699,0.9123775444730985
homog25,6,25,30,0.6778341462214788,0.7059643576542537,-0.028130211432774863,0.43333333333333335,0.2659234074254831,0.874183177947998,0.14048525984972426,0.2188897729189687,0.6418082397194995
mixed,7,25,10,0.7988334476947785,0.7181805938482284,0.08065285384655,0.3,0.26482591181993487,0.7872075438499451,0.11044311053444406,0.22918076837016815,0.4819039194251176
mixed,7,40,10,0.9310574650764465,0.9425980061292648,-0.011540541052818298,0.4,0.15041283890604973,0.7872075438499451,0.09570852510210698,0.16621121702670583,0.5758247055415586
mixed,7,80,10,0.7222484886646271,0.8188885092735291,-0.09664002060890198,0.7,0.16756460145115853,0.7872075438499451,0.1127526861243262,0.10531597481035171,1.0706133264907456
homog80,7,80,30,0.7793832321961721,0.8002834935983022,-0.020900261402130128,0.6333333333333333,0.1479302500685056,0.7265113592147827,0.120026591118989,0.10760616995702152,1.1154248047944488
homog40,7,40,30,0.9996082315842311,1.003371000289917,-0.0037627687056859334,0.4666666666666667,0.19086182142297428,0.7732617259025574,0.11695247785012626,0.16385646138879914,0.7137495638491853
homog25,7,25,30,1.0479209383328756,1.0103602359692256,0.03756070236365001,0.4,0.25106422901153563,0.872722327709198,0.13627749199816835,0.2185800996443678,0.6234670595351238
